Team 1, Team 2, Winning Team, Winning Score, Losing Score, Map Played
Selfless,Liquid,Liquid,11,16,cache
Liquid,Selfless,Selfless,9,16,train
Splyce,Cloud9,Cloud9,5,16,overpass
Cloud9,Splyce,Cloud9,16,7,cobblestone
OpTic,CLG,OpTic,16,7,overpass
CLG,OpTic,OpTic,7,16,train
Luminosity,Renegades,Luminosity,16,13,inferno
Innova,CNB,Innova,16,12,cache
g3x,Innova,Innova,12,16,cobblestone
Renegades,Luminosity,Luminosity,3,16,train
CNB,g3x,g3x,3,16,overpass
KKona,Liquid,Liquid,1,16,cobblestone
2 Kill,INTZ,2 Kill,16,12,cache
Liquid,KKona,Liquid,16,1,dust2
INTZ,Keyd,Keyd,4,16,cache
ENCE,CPH,ENCE,21,18,dust2
2 Kill,Keyd,Keyd,6,16,mirage
Deathtrap,XPC,XPC,6,16,cache
n0_0rg,ENCE,ENCE,19,21,cache
nerdRage,CPH,CPH,0,16,dust2
n0_0rg,Red,n0_0rg,16,11,cache
Metapods,nerdRage,nerdRage,13,16,overpass
ENCE,deadweight,ENCE,16,8,dust2
CPH Wolves,Escape,CPH Wolves,16,10,inferno
Red Instinct,Alpha,Red Instinct,16,10,cobblestone
un-named,n0_0rg,n0_0rg,8,16,cache
ALTERNATE aTTaX,ENCE,ENCE,9,16,cache
stfuNerd,Metapods,Metapods,11,16,cache
Magistra,CPH,CPH,8,16,dust2
PANTERS,deadweight,deadweight,12,16,mirage
GameAgents,nerdRage,nerdRage,5,16,cobblestone
WiC,Escape,Escape,1,16,mirage
KoN Denmark,KoN,KoN,15,21,dust2
Deathtrap,GameAgents,GameAgents,12,16,cobblestone
iNation,Bpro,Bpro,13,16,cache
KoN Denmark,KoN,KoN Denmark,16,11,cache
KoN Sweden,KoN,KoN,14,16,inferno
CS-GO.rs,Pixel,CS-GO.rs,16,14,cobblestone
KKona,Winterfox,Winterfox,6,16,cache
Winterfox,KKona,Winterfox,16,7,inferno
CLG,Splyce,Splyce,13,16,train
Splyce,CLG,Splyce,16,8,cobblestone
Virtus.pro,mousesports,Virtus.pro,19,15,train
dignitas,FaZe,FaZe,7,16,inferno
mousesports,Virtus.pro,mousesports,16,5,cache
FaZe,dignitas,dignitas,9,16,mirage
EnVyUs,NiP,NiP,3,16,train
FlipSid3,FaZe,FaZe,2,16,cobblestone
NiP,EnVyUs,NiP,16,10,cache
CS-GO.rs,SuperMassive,SuperMassive,11,16,cobblestone
FaZe,FlipSid3,FaZe,16,8,inferno
MVP.karnal,Signature,Signature,13,16,mirage
MVP.karnal,LGD,MVP.karnal,16,6,cache
Signature,nxl,nxl,10,16,dust2
Signature,MVP.karnal,Signature,16,8,inferno
nxl,LGD,nxl,16,9,mirage
CLG,KKona,CLG,16,10,dust2
KKona,CLG,CLG,6,16,overpass
NRG,Splyce,NRG,16,10,train
Splyce,NRG,Splyce,16,11,overpass
fnatic,FaZe,FaZe,10,16,inferno
FaZe,fnatic,FaZe,16,6,train
Natus Vincere,G2,G2,3,16,overpass
dignitas,FlipSid3,dignitas,16,7,cobblestone
G2,Natus,Natus,16,19,train
RB,SuperMassive,RB,19,16,mirage
FlipSid3,dignitas,FlipSid3,16,3,overpass
FlipSid3,Natus,FlipSid3,16,8,cobblestone
EDG,inchk1ng,inchk1ng,14,16,overpass
Natus Vincere,FlipSid3,Natus Vincere,16,12,train
EDG,MOTV,EDG,16,9,cache
TheMongolz,inchk1ng,TheMongolz,16,10,cache
EDG,TheMongolz,TheMongolz,14,16,dust2
MOTV,inchk1ng,inchk1ng,12,16,dust2
Astralis,FaZe,Astralis,16,9,inferno
FaZe,Astralis,Astralis,12,16,dust2
Natus Vincere,fnatic,Natus Vincere,16,13,cobblestone
fnatic,Natus,fnatic,16,11,overpass
EnVyUs,mousesports,mousesports,8,16,cache
CS-GO.rs,aimclub,aimclub,7,16,cache
mousesports,EnVyUs,mousesports,22,19,inferno
neXtPlease!,Bpro,Bpro,8,16,cache
neXtPlease!,RB,RB,7,16,cache
KoN Norway,KoN,KoN,4,16,mirage
KoN Denmark,KoN,KoN,3,16,dust2
KoN Sweden,KoN,KoN,20,21,cache
Tempo Storm,Virtus.pro,Virtus.pro,9,16,mirage
iNation,RB,RB,6,16,cache
dignitas,Astralis,dignitas,16,9,cache
CLG,Natus,Natus,15,19,dust2
mousesports,Luminosity,mousesports,16,7,cache
EnVyUs,FaZe,EnVyUs,16,12,cache
NiP,CSGL,NiP,16,8,cache
G2,GODSENT,GODSENT,8,16,train
TyLoo,Liquid,TyLoo,22,19,cobblestone
Tempo Storm,EnVyUs,Tempo Storm,16,14,cobblestone
FaZe,Virtus.pro,Virtus.pro,8,16,train
dignitas,NiP,dignitas,16,2,overpass
CSGL,Astralis,Astralis,9,16,mirage
CLG,G2,CLG,16,2,dust2
GODSENT,Natus,Natus,11,16,train
mousesports,Liquid,mousesports,16,13,dust2
TyLoo,Luminosity,Luminosity,7,16,mirage
Pixel,Deathtrap,Deathtrap,16,19,dust2
GameAgents,Bpro,GameAgents,16,13,mirage
HLO.Gävle,SK.2003,SK.2003,12,16,inferno
HLO.Gävle,team9,HLO.Gävle,16,13,inferno
Divine,SK.2003,SK.2003,15,19,dust2
BOTIDA DE COCO,Botka,Botka,19,22,cobblestone
KoN Norway,KoN,KoN,7,16,mirage
CS-GO.rs,iNation,iNation,6,16,dust2
KoN Norway,KoN,KoN Norway,16,3,cache
KoN Norway,KoN,KoN Norway,16,11,inferno
XPC,SuperMassive,SuperMassive,12,16,cobblestone
OpTic,Liquid,Liquid,12,16,train
Liquid,OpTic,Liquid,16,10,cobblestone
Cloud9,Liquid,Liquid,5,16,cache
Liquid,Cloud9,Liquid,16,8,dust2
EnVyUs,dignitas,dignitas,7,16,inferno
dignitas,EnVyUs,dignitas,16,14,mirage
SK,Virtus.pro,SK,16,12,train
Pixel,aimclub,aimclub,10,16,mirage
Virtus.pro,SK,SK,11,16,cache
FlipSid3,NiP,NiP,8,16,cobblestone
Bpro,Deathtrap,Bpro,16,8,train
NiP,FlipSid3,NiP,16,4,overpass
KKona,compLexity,KKona,16,8,overpass
compLexity,KKona,compLexity,22,18,mirage
Renegades,NRG,NRG,13,16,cache
NRG,Renegades,NRG,16,2,train
GameAgents,RB,GameAgents,16,8,cache
aimclub,SuperMassive,SuperMassive,9,16,cache
aimclub,Deathtrap,aimclub,16,12,cache
Pixel,SuperMassive,SuperMassive,17,19,mirage
XPC,iNation,XPC,16,11,cache
neXtPlease!,CS-GO.rs,neXtPlease!,16,14,inferno
Americas All-Stars,Europe,Americas All-Stars,22,19,nuke
KoN Finland,KoN,KoN Finland,16,11,dust2
Bpro,TogetherAsOne,Bpro,16,9,cache
KoN Norway,KoN,KoN,9,16,cache
KoN Norway,KoN,KoN Norway,16,13,cache
XPC,neXtPlease!,XPC,16,8,train
Pixel,iNation,Pixel,16,11,mirage
GameAgents,CS-GO.rs,GameAgents,16,12,inferno
Virtus.pro,Natus,Natus,4,16,cobblestone
Astralis,CLG,Astralis,16,9,overpass
fnatic,Liquid,Liquid,19,22,dust2
Luminosity,NiP,Luminosity,16,5,mirage
G2,Cloud9,G2,16,3,dust2
Gambit,EnVyUs,Gambit,16,13,cache
GameAgents,XPC,GameAgents,16,9,cache
Splyce,FaZe,FaZe,3,16,inferno
TogetherAsOne,Deathtrap,Deathtrap,8,16,cache
mousesports,FlipSid3,mousesports,31,28,cobblestone
G2,Virtus.pro,Virtus.pro,1,16,train
Cloud9,Natus,Natus,9,16,train
Gambit,Astralis,Astralis,10,16,train
CLG,EnVyUs,CLG,16,8,cobblestone
Splyce,fnatic,fnatic,5,16,train
Liquid,FaZe,Liquid,16,11,cache
mousesports,Luminosity,Luminosity,13,16,mirage
FlipSid3,NiP,NiP,17,19,cache
Signature,Absolute,Signature,16,2,train
Exodus,Savor,Exodus,16,6,inferno
Orange,Signature,Signature,2,16,dust2
Absolute Monster,Devious,Absolute Monster,16,11,cache
Savage Wolves,Exodus,Exodus,5,16,cache
Savor the Fear,CORE,Savor the Fear,16,14,cobblestone
Platinium,LDLC,LDLC,8,16,cobblestone
TogetherAsOne,RB,TogetherAsOne,16,11,cache
Dead Pixels,LDLC,LDLC,5,16,cobblestone
Preparation,eXplosive,eXplosive,14,16,mirage
Iwku,Ancient,Ancient,5,16,cobblestone
aimclub,iNation,aimclub,16,7,cache
Epsilon,CSGL,CSGL,11,16,cache
CPH Wolves,Enso,CPH Wolves,16,6,cobblestone
Imanity,Hanoi,Hanoi,7,16,mirage
SuperMassive,Deathtrap,Deathtrap,3,16,cache
MOTV,TitaNs,TitaNs,8,16,mirage
Imanity,Emc,Imanity,16,14,mirage
xqR,Hanoi,Hanoi,17,19,mirage
MOTV,dream[S]cape,MOTV,16,11,dust2
1st eSports,TitaNs,TitaNs,5,16,inferno
MineSki,Mercenaries,MineSki,16,11,mirage
Signature,Threats,Threats,14,16,overpass
MineSki,HanoiAnimals,MineSki,16,8,mirage
Mercenaries,HKTP,Mercenaries,16,2,mirage
LiberateD,Signature,Signature,6,16,mirage
Zenith,Threats,Threats,3,16,inferno
KoN Sweden,KoN,KoN Sweden,16,12,inferno
KoN Norway,KoN,KoN,11,16,cache
Bpro,CS-GO.rs,Bpro,16,6,cache
KoN Norway,KoN,KoN Norway,16,9,mirage
Torpedo,Binary,Torpedo,16,10,mirage
k1ck,Empire,Empire,7,16,cobblestone
Arcade,PENTA,Arcade,16,13,mirage
Fluffy Gangsters,AGG,Fluffy Gangsters,16,13,inferno
Plantronics,Publiclir.se,Publiclir.se,15,19,cache
Preparation,ALTERNATE,Preparation,16,11,cache
E-frag.net,Epsilon,E-frag.net,16,14,overpass
Space Soldiers,Iwku,Space Soldiers,16,7,train
Preparation,dignitas,dignitas,14,16,mirage
ENCE,Plantronics,Plantronics,7,16,dust2
CPH Wolves,E-frag.net,CPH Wolves,16,9,dust2
RCTIC,Space,Space,6,16,mirage
Publiclir.se,SK,SK,8,16,mirage
Alpha,Epsilon,Epsilon,6,16,cobblestone
ALTERNATE aTTaX,Fragsters,ALTERNATE aTTaX,16,4,inferno
Iwku,HellRaisers,HellRaisers,11,16,cache
Publiclir.se,ENCE,Publiclir.se,16,13,mirage
Preparation,ALTERNATE,Preparation,16,8,cobblestone
Fragsters,dignitas,dignitas,7,16,overpass
Epsilon,E-frag.net,E-frag.net,8,16,cache
Alpha,CPH,CPH,10,16,overpass
Plantronics,SK,SK,7,16,mirage
Iwku,RCTIC,Iwku,16,7,inferno
Space Soldiers,HellRaisers,HellRaisers,6,16,cache
One,Booty,Booty,5,16,overpass
Lucendi Azolt,Insolent,Insolent,7,16,overpass
One,Devour,One,16,14,train
Booty Clappers,DSS,Booty Clappers,16,11,train
Lucendi Azolt,8,Lucendi Azolt,21,19,train
RivaL,Insolent,Insolent,12,16,train
Bpro,XPC,Bpro,16,12,mirage
aimclub,neXtPlease!,aimclub,16,11,mirage
Eastern Vikings,Isak,Isak,14,16,inferno
404OrgNotFound,seven,404OrgNotFound,16,11,inferno
OBEY,eNergy,OBEY,16,7,inferno
malefiQ,BX3,BX3,6,16,inferno
Aquiver.BLU,hiddenOP,Aquiver.BLU,16,11,inferno
FAB,Wicked,FAB,16,6,inferno
Quantaya,Recursive,Recursive,12,16,inferno
!nsurgents,Skal,Skal,11,16,inferno
Heroic,aNimus,Heroic,16,11,inferno
Flash,Dem,Flash,16,6,inferno
SvQmmerICruzares,GamersLeague,GamersLeague,6,16,inferno
Fox Stratos,naptoR.Factory,naptoR.Factory,2,16,inferno
Aquiver.RED,Tekweb,Aquiver.RED,16,1,inferno
n0_0rg,Bar,n0_0rg,16,1,inferno
Inside,eXtatus,eXtatus,1,16,inferno
Publiclir.se,FAB,Publiclir.se,19,15,cobblestone
WarMonkeys,Eastern,Eastern,12,16,cobblestone
Preparation,Fox,Preparation,16,13,cobblestone
Telos,Inside,Inside,14,16,cobblestone
malefiQ,WinOut,WinOut,9,16,cobblestone
SvQmmerICruzares,AfterClap,SvQmmerICruzares,16,13,cobblestone
Aquiver.BLU,Playing,Playing,12,16,cobblestone
OBEY,Krydsild,Krydsild,10,16,cobblestone
Plantronics,Aquiver.RED,Plantronics,16,10,cobblestone
404OrgNotFound,Alpha,Alpha,4,16,cobblestone
hiddenOP,Vacuous,hiddenOP,16,10,cobblestone
Iwku,GamersLeague,Iwku,16,3,cobblestone
BX3,the,BX3,16,4,cobblestone
Heroic,Tricked,Tricked,4,16,cobblestone
Epsilon,Flash,Epsilon,16,8,cobblestone
Wicked,Ollebolle,Wicked,16,5,cobblestone
Epiphany Bolt,n0_0rg,Epiphany Bolt,16,9,cobblestone
Isak,Fragsters,Fragsters,3,16,cobblestone
eNergy,WDHA,eNergy,16,7,cobblestone
temporary,Bar,Bar,4,16,cobblestone
eXtatus,Space,Space,3,16,cobblestone
walkover,Dem,Dem,3,16,cobblestone
SesiBaren,naptoR.Factory,naptoR.Factory,4,16,cobblestone
Quantaya,fLYVERNE,Quantaya,16,2,cobblestone
Bananaboys,Recursive,Bananaboys,16,2,cobblestone
FOXTROT,seven,seven,1,16,cobblestone
aNimus,Tog,aNimus,16,3,cobblestone
Orbit,!nsurgents,Orbit,16,5,cobblestone
Skal du begraves?,@SNULLE,Skal du begraves?,16,1,cobblestone
Tekweb,Influx,Tekweb,16,2,cobblestone
WarMonkeys,Isak,Isak,17,19,dust2
FOXTROT,404OrgNotFound,404OrgNotFound,14,16,dust2
OBEY,eNergy,OBEY,16,14,dust2
Bananaboys,Quantaya,Bananaboys,19,16,dust2
Fragsters,Eastern,Fragsters,16,13,dust2
WDHA,Krydsild,Krydsild,11,16,dust2
hiddenOP,Aquiver.BLU,Aquiver.BLU,16,19,dust2
malefiQ,BX3,malefiQ,16,9,dust2
SesiBaren,Preparation,Preparation,2,16,dust2
Fox Stratos,naptoR.Factory,Fox Stratos,16,5,dust2
seven,Alpha,Alpha,6,16,dust2
walkover,Epsilon,Epsilon,8,16,dust2
temporary,Epiphany,Epiphany,9,16,dust2
the pickles,WinOut,WinOut,2,16,dust2
n0_0rg,Bar,n0_0rg,16,8,dust2
Tekweb,Plantronics,Plantronics,5,16,dust2
Heroic,aNimus,Heroic,16,5,dust2
Tog,Tricked,Tricked,1,16,dust2
Flash,Dem,Flash,16,5,dust2
Skal du begraves?,Orbit,Orbit,11,16,dust2
Wicked,Publiclir.se,Publiclir.se,5,16,dust2
SvQmmerICruzares,Iwku,Iwku,2,16,dust2
Influx Nordic,Aquiver.RED,Aquiver.RED,0,16,dust2
Recursive,fLYVERNE,Recursive,16,0,dust2
Inside,eXtatus,eXtatus,3,16,dust2
Telos,Space,Space,1,16,dust2
GamersLeague,AfterClap,GamersLeague,16,1,dust2
Ollebolle,FAB,FAB,0,16,dust2
Vacuous Baboons,Playing,Playing,4,16,dust2
!nsurgents,@SNULLE,!nsurgents,16,2,dust2
Young Money Militia,Kitfoxes,Young Money Militia,21,16,overpass
Third pupil,Insomnia,Third pupil,16,8,overpass
Young Money Militia,Grimalkin,Young Money Militia,16,9,train
Cloud9,Winterfox,Cloud9,16,3,train
Wet Bandits,Kitfoxes,Kitfoxes,4,16,train
Winterfox,Cloud9,Cloud9,7,16,dust2
Third pupil,SYG,Third pupil,16,7,train
KKona,Luminosity,Luminosity,5,16,mirage
Luminosity,KKona,Luminosity,16,13,overpass
Insomnia,PSISTORM,Insomnia,16,12,train
Astralis,NiP,NiP,4,16,cache
NiP,Astralis,NiP,16,8,mirage
FlipSid3,fnatic,fnatic,14,16,inferno
YP,E-frag.net,YP,16,10,inferno
fnatic,FlipSid3,fnatic,16,13,overpass
CPH Wolves,LDLC,LDLC,10,16,inferno
Escape,Method,Escape,16,12,mirage
CSGL,Fluffy,CSGL,16,14,train
One,Mist,Mist,13,16,train
NRG,Winterfox,NRG,16,12,inferno
Renegades,Splyce,Renegades,16,6,inferno
h00liGaNz,Braindead,Braindead,12,16,train
Winterfox,NRG,NRG,10,16,train
Splyce,Renegades,Renegades,4,16,train
TNT,Broken,Broken,4,16,train
OpTic,Selfless,Selfless,14,16,mirage
Rhythm,Insolent,Rhythm,21,15,train
Selfless,OpTic,Selfless,16,10,inferno
mousesports,dignitas,dignitas,10,16,inferno
dignitas,mousesports,dignitas,19,16,cobblestone
RB,Deathtrap,Deathtrap,9,16,dust2
SK,FlipSid3,SK,16,13,train
SuperMassive,iNation,iNation,7,16,mirage
FlipSid3,SK,FlipSid3,16,10,mirage
TogetherAsOne,CS-GO.rs,CS-GO.rs,13,16,cobblestone
compLexity,Winterfox,Winterfox,14,16,overpass
Winterfox,compLexity,Winterfox,16,12,dust2
Cloud9,NRG,Cloud9,16,5,cobblestone
NRG,Cloud9,Cloud9,12,16,train
Empire,AGG,Empire,16,14,inferno
eXplosive,Ancient,Ancient,8,16,mirage
Arcade,HellRaisers,HellRaisers,13,16,overpass
ALTERNATE aTTaX,Enso,ALTERNATE aTTaX,16,13,cobblestone
Luminosity,Splyce,Luminosity,16,8,inferno
Splyce,Luminosity,Luminosity,11,16,train
CLG,Liquid,Liquid,19,22,mirage
Liquid,CLG,Liquid,16,5,cobblestone
Winterfox,Selfless,Selfless,5,16,mirage
Selfless,Winterfox,Winterfox,10,16,train
Astralis,dignitas,Astralis,16,5,mirage
dignitas,Astralis,Astralis,11,16,inferno
EnVyUs,Natus,Natus,7,16,cobblestone
Natus Vincere,EnVyUs,Natus Vincere,16,11,train
mousesports,FlipSid3,FlipSid3,13,16,cobblestone
FlipSid3,mousesports,FlipSid3,16,12,overpass
Selfless,Splyce,Selfless,16,11,cache
Splyce,Selfless,Selfless,5,16,inferno
CLG,Luminosity,Luminosity,12,16,overpass
Luminosity,CLG,Luminosity,16,9,cobblestone
Winterfox,Liquid,Winterfox,16,11,overpass
SK,NiP,NiP,16,19,mirage
Liquid,Winterfox,Liquid,16,8,cache
NiP,SK,NiP,16,8,cache
fnatic,dignitas,fnatic,16,5,overpass
dignitas,fnatic,fnatic,6,16,train
mousesports,FaZe,mousesports,16,13,dust2
FTW.Evo Prinfor,Império,Império,12,16,dust2
Refuse,Epsilon,Epsilon,19,21,overpass
FaZe,mousesports,mousesports,14,16,cache
Arcade,ENCE,ENCE,8,16,cache
Tricked,WE,WE,13,16,mirage
LDLC Blue,HellRaisers,HellRaisers,7,16,inferno
Orbit,PENTA,PENTA,8,16,dust2
FTW.Evo Prinfor,EasyMind,FTW.Evo Prinfor,16,3,cache
Fluffy Gangsters,Tempest,Fluffy Gangsters,16,5,mirage
nGw,Space,Space,3,16,mirage
Galatics,EasyMind,EasyMind,12,16,inferno
EasyMind,Império,Império,12,16,dust2
Império Multimédia,Galatics,Império Multimédia,16,5,inferno
AlienTech,3R2L,AlienTech,16,8,inferno
KoN Finland,KoN,KoN Finland,16,4,dust2
3R2L,RedLine,3R2L,19,16,mirage
KoN Norway,KoN,KoN,12,16,mirage
3R2L,FTW.PRO,FTW.PRO,11,16,mirage
KoN Norway,KoN,KoN Norway,16,2,dust2
FTW.PRO,AlienTech,AlienTech,19,22,inferno
RedLine,AlienTech,AlienTech,3,16,cobblestone
Cloud9,Luminosity,Luminosity,7,16,cobblestone
Luminosity,Cloud9,Cloud9,13,16,overpass
Renegades,Liquid,Liquid,7,16,dust2
Liquid,Renegades,Renegades,11,16,mirage
SK,mousesports,SK,16,11,cobblestone
mousesports,SK,mousesports,16,8,mirage
G2,FaZe,G2,16,10,cache
FaZe,G2,G2,13,16,dust2
compLexity,CLG,CLG,10,16,train
CLG,compLexity,CLG,19,17,dust2
Cloud9,Renegades,Cloud9,16,8,dust2
Renegades,Cloud9,Cloud9,16,19,train
fnatic,NiP,fnatic,16,10,inferno
CSGL,Empire,Empire,8,16,train
NiP,fnatic,NiP,16,6,cache
G2,dignitas,dignitas,10,16,overpass
dignitas,G2,G2,6,16,inferno
compLexity,Splyce,compLexity,16,14,train
Splyce,compLexity,Splyce,16,7,overpass
OpTic,Winterfox,Winterfox,6,16,mirage
Winterfox,OpTic,OpTic,5,16,inferno
Space Soldiers,HellRaisers,Space Soldiers,16,7,cobblestone
SK,G2,G2,13,16,cache
VwS,Space,Space,10,16,train
G2,SK,G2,16,5,train
PENTA,HellRaisers,PENTA,16,5,mirage
VwS,PENTA,PENTA,22,25,cache
Natus Vincere,dignitas,Natus Vincere,16,3,overpass
dignitas,Natus,Natus,14,16,mirage
Space Soldiers,HellRaisers,HellRaisers,11,16,inferno
XPC,noKappa,noKappa,9,16,cobblestone
XPC,CSGL,XPC,16,11,mirage
Empire,noKappa,noKappa,9,16,cobblestone
Cloud9,Selfless,Selfless,4,16,cache
Selfless,Cloud9,Cloud9,10,16,train
KKona,Renegades,Renegades,12,16,cobblestone
CNB,LDDM,CNB,16,14,train
Renegades,KKona,Renegades,16,6,inferno
compLexity,OpTic,OpTic,4,16,cache
fnatic,mousesports,mousesports,17,19,dust2
CNB,Gathers,CNB,16,14,cobblestone
OpTic,compLexity,OpTic,16,10,overpass
mousesports,fnatic,fnatic,4,16,cache
TSG,LDDM,LDDM,5,16,cobblestone
G2,FlipSid3,G2,16,7,overpass
Crashers,BigGods,BigGods,2,16,cobblestone
FlipSid3,G2,G2,12,16,train
Perrinho Sin Colinha,Innova,Innova,3,16,cobblestone
SK,Astralis,Astralis,5,16,mirage
Astralis,SK,Astralis,16,7,train
Renegades,OpTic,Renegades,16,9,cobblestone
OpTic,Renegades,OpTic,16,7,inferno
INTZ,DEMONIO,INTZ,31,25,train
Cloud9,compLexity,Cloud9,16,2,cache
compLexity,Cloud9,Cloud9,15,19,overpass
rEAK,dreamWorks,dreamWorks,14,16,train
KKona,NRG,NRG,14,16,dust2
NRG,KKona,NRG,16,10,cobblestone
ProGaming,INTZ,INTZ,10,16,cobblestone
SK,FaZe,FaZe,3,16,mirage
DEMONIO,Apoka,DEMONIO,21,17,cobblestone
FaZe,SK,SK,23,25,cache
BlackSheep,rEAK,rEAK,12,16,cobblestone
Virtus.pro,G2,G2,6,16,overpass
G2,Virtus.pro,Virtus.pro,14,16,train
dreamWorks,TShow,dreamWorks,16,3,cobblestone
EnVyUs,Astralis,EnVyUs,16,7,inferno
Astralis,EnVyUs,Astralis,16,10,train
TDJSF,ENCE,TDJSF,16,10,dust2
demons,PENTA,PENTA,11,16,cache
HellRaisers,Preparation,Preparation,8,16,inferno
Orbit,Ancient,Ancient,11,16,mirage
eSuba,BFFsIRL,eSuba,16,9,cache
Platinium,CPH,CPH,13,16,inferno
AliGon,Gambit,Gambit,10,16,cache
c5,LDLC,c5,16,7,inferno
TitaNs,xqR,xqR,12,16,inferno
Emc,EDG,EDG,16,19,mirage
MineSki,dream[S]cape,dream[S]cape,10,16,inferno
7GU6,Threats,Threats,8,16,inferno
Long Live Democracy,Risky,Risky,14,16,inferno
Mahameru,Savage,Savage,11,16,mirage
T5,MVP,MVP,10,16,mirage
Signature,MiTH,Signature,16,12,overpass
eSuba,LeiSuRe,eSuba,16,4,mirage
DEEZ NUTS,Recursive,Recursive,12,16,mirage
KoN Finland,KoN,KoN,11,16,dust2
KoN Denmark,KoN,KoN,12,16,cache
RCTIC,eSuba,eSuba,8,16,cache
Fluffy Gangsters,LeiSuRe,LeiSuRe,14,16,dust2
KoN Norway,KoN,KoN,5,16,cache
eXplosive,DEEZ,DEEZ,10,16,cache
CSGO2x,Recursive,Recursive,4,16,cache
compLexity,NRG,NRG,13,16,dust2
NRG,compLexity,NRG,16,13,cache
NRG,Luminosity,Luminosity,9,16,mirage
Luminosity,NRG,Luminosity,16,3,inferno
Natus Vincere,FaZe,Natus Vincere,16,12,mirage
E-frag.net,SK,E-frag.net,19,17,overpass
PENTA,AR8,PENTA,16,7,mirage
FaZe,Natus,Natus,17,19,dust2
Method,E-frag.net,E-frag.net,11,16,dust2
noKappa,PENTA,PENTA,9,16,mirage
SK,Ancient,Ancient,14,16,overpass
EnVyUs,FlipSid3,EnVyUs,16,7,cobblestone
BLUEJAYS,AR8,AR8,2,16,inferno
FlipSid3,EnVyUs,EnVyUs,9,16,mirage
CL4NLESS,Refuse,Refuse,11,16,train
Method,SK,SK,3,16,mirage
Ancient,E-frag.net,Ancient,16,8,inferno
Winterfox,Luminosity,Winterfox,16,3,train
8 Minded,AGG,AGG,3,16,mirage
Luminosity,Winterfox,Luminosity,16,11,overpass
Cloud9,OpTic,OpTic,7,16,cobblestone
OpTic,Cloud9,OpTic,16,13,cache
ALTERNATE aTTaX,Team123,ALTERNATE aTTaX,16,5,cache
G2,EnVyUs,G2,16,12,train
Revival,miMo,miMo,12,16,overpass
ALTERNATE aTTaX,DenDD,ALTERNATE aTTaX,16,12,cache
EnVyUs,G2,G2,11,16,cache
AlienTech,Bpro,Bpro,6,16,overpass
Revival,ggrabb,Revival,21,18,train
Virtus.pro,NiP,NiP,11,16,overpass
Team123,dignitas,dignitas,11,16,overpass
miMo,WE,miMo,16,13,train
Team123,ALTERNATE,Team123,16,13,train
NiP,Virtus.pro,NiP,16,2,cache
DenDD,dignitas,dignitas,6,16,mirage
Nordics,AlienTech,AlienTech,9,16,train
KKona,Splyce,Splyce,6,16,inferno
Splyce,KKona,Splyce,16,12,dust2
Renegades,Winterfox,Renegades,16,3,train
Winterfox,Renegades,Renegades,4,16,dust2
ex-Epiphany,Deathtrap,ex-Epiphany,16,6,cobblestone
NiP,FaZe,NiP,16,9,train
FaZe,NiP,NiP,7,16,dust2
ex-Epiphany,eXplosive,ex-Epiphany,16,0,mirage
Deathtrap,GameAgents,Deathtrap,16,6,mirage
Space Soldiers,Arcade,Space Soldiers,16,12,cobblestone
Astralis,mousesports,Astralis,16,4,dust2
mousesports,Astralis,Astralis,12,16,mirage
Space Soldiers,Epsilon,Space Soldiers,21,19,mirage
Little Einsteins,Arcade,Arcade,12,16,mirage
LDLC fe,Exertus,LDLC fe,16,3,dust2
LDLC fe,Elysium,LDLC fe,16,8,dust2
Exertus fe,CLG,CLG,5,16,overpass
Exertus fe,LDLC,Exertus fe,16,13,train
Elysium,CLG,CLG,8,16,dust2
Millenium fe,Karma,Karma,14,16,train
Santos.DeX fe,Millenium,Millenium,12,16,overpass
WRTP,Karma,WRTP,16,6,train
Santos.DeX fe,WRTP,WRTP,1,16,mirage
Millenium fe,Karma,Karma,0,16,cache
KoN Finland,KoN,KoN,8,16,dust2
KoN Finland,KoN,KoN Finland,16,3,dust2
KoN Finland,KoN,KoN Finland,16,6,inferno
E-frag.net,EnVyUs,E-frag.net,22,19,cache
Tempo Storm,Astralis,Astralis,12,16,cache
FaZe,Virtus.pro,Virtus.pro,13,16,mirage
Virtus.pro,E-frag.net,Virtus.pro,16,9,overpass
Tempo Storm,EnVyUs,Tempo Storm,16,7,mirage
Tempo Storm,Virtus.pro,Tempo Storm,16,9,cobblestone
Astralis,FaZe,Astralis,16,5,inferno
FaZe,EnVyUs,EnVyUs,12,16,train
Astralis,E-frag.net,Astralis,16,5,mirage
Tempo Storm,FaZe,FaZe,16,19,dust2
Virtus.pro,EnVyUs,Virtus.pro,16,14,cache
Tempo Storm,E-frag.net,Tempo Storm,16,13,inferno
Astralis,Virtus.pro,Astralis,16,6,overpass
Astralis,EnVyUs,Astralis,16,11,train
FaZe,E-frag.net,FaZe,16,5,cache
mousesports,fnatic,fnatic,17,19,dust2
NiP,Luminosity,NiP,16,13,mirage
TheMongolz,Natus,Natus,6,16,cobblestone
Luminosity,mousesports,Luminosity,16,14,cobblestone
TheMongolz,fnatic,fnatic,4,16,cache
Natus Vincere,NiP,Natus Vincere,16,13,overpass
TheMongolz,Luminosity,Luminosity,6,16,inferno
NiP,fnatic,fnatic,14,16,inferno
Natus Vincere,mousesports,Natus Vincere,16,6,cobblestone
Luminosity,fnatic,Luminosity,16,12,inferno
TheMongolz,NiP,NiP,5,16,mirage
TheMongolz,mousesports,mousesports,7,16,dust2
Natus Vincere,Luminosity,Luminosity,11,16,mirage
Natus Vincere,fnatic,fnatic,10,16,dust2
NiP,mousesports,mousesports,8,16,mirage
Gambit,Renegades,Gambit,16,11,train
Cloud9,dignitas,Cloud9,16,13,cache
Torpedo,ALTERNATE,ALTERNATE,13,16,cobblestone
AliGon,Orgless,Orgless,4,16,mirage
Splyce,Vexed,Splyce,16,7,mirage
AliGon,Torpedo,AliGon,16,9,mirage
Orgless,ALTERNATE,ALTERNATE,13,16,cache
CLG,SK,CLG,16,13,overpass
Torpedo,Orgless,Orgless,17,19,mirage
AliGon,ALTERNATE,ALTERNATE,9,16,cache
G2,FlipSid3,G2,16,14,inferno
Tempo Storm,Selfless,Tempo Storm,16,4,inferno
ENCE,Ancient,Ancient,14,16,train
A LA MIX,Preparation,Preparation,3,16,inferno
Preparation,ENCE,Preparation,19,17,mirage
A LA MIX,Ancient,Ancient,6,16,inferno
A LA MIX,ENCE,ENCE,2,16,dust2
Preparation,Ancient,Preparation,16,1,cobblestone
Gambit,Cloud9,Gambit,16,9,cache
Renegades,dignitas,Renegades,16,9,inferno
Splyce,CLG,Splyce,16,14,cache
Vexed,SK,Vexed,16,10,train
mousesports,HellRaisers,mousesports,19,15,mirage
YP,Liquid,Liquid,2,16,overpass
KoN Norway,KoN,KoN,6,16,mirage
Tempo Storm,G2,G2,13,16,dust2
KoN Norway,KoN,KoN Norway,16,7,dust2
Selfless,FlipSid3,FlipSid3,13,16,inferno
KoN Finland,KoN,KoN,6,16,mirage
YP,mousesports,mousesports,1,16,cobblestone
HellRaisers,Liquid,HellRaisers,22,20,dust2
Emc,Devcat,Devcat,14,16,mirage
NRG,Liquid,Liquid,12,16,cobblestone
Liquid,NRG,NRG,14,16,dust2
CLG,Selfless,Selfless,6,16,train
Selfless,CLG,CLG,12,16,overpass
SK,fnatic,fnatic,6,16,cache
fnatic,SK,fnatic,16,11,overpass
Astralis,Virtus.pro,Astralis,16,11,cache
Virtus.pro,Astralis,Astralis,3,16,overpass
Natus Vincere,NiP,NiP,10,16,mirage
Pixel,XPC,Pixel,16,5,dust2
NiP,Natus,Natus,13,16,train
iNation,Deathtrap,Deathtrap,10,16,train
KKona,Selfless,Selfless,11,16,overpass
Selfless,KKona,Selfless,16,11,mirage
Winterfox,Splyce,Winterfox,16,3,mirage
Splyce,Winterfox,Splyce,16,2,cache
mousesports,NiP,NiP,14,16,overpass
NiP,mousesports,NiP,19,15,cache
EnVyUs,Virtus.pro,EnVyUs,16,13,mirage
iNation,aZ,iNation,16,2,mirage
XPC,iNation,XPC,16,7,mirage
Virtus.pro,EnVyUs,Virtus.pro,22,20,cobblestone
ENRAGE,aZ,aZ,13,16,mirage
G2,mousesports,mousesports,10,16,overpass
ENRAGE,XPC,XPC,11,16,mirage
mousesports,G2,G2,13,16,dust2
aZ,iNation,iNation,14,16,cache
J2G,Threats,J2G,16,12,mirage
GIANT5,Pixel,Pixel,11,16,overpass
Deathtrap,GIANT5,Deathtrap,16,9,cache
Pixel,PhysX,Pixel,16,7,dust2
Deathtrap,Pixel,Deathtrap,16,13,cobblestone
GIANT5,PhysX,GIANT5,16,6,inferno
Risky,dream[S]cape,dream[S]cape,3,16,cobblestone
Preparation,Torpedo,Torpedo,17,19,cobblestone
fnatic,Astralis,fnatic,16,13,inferno
fnatic,Astralis,fnatic,16,14,dust2
Expendables,Threats,Threats,12,16,inferno
J2G,MVP.karnal,MVP.karnal,9,16,cobblestone
G2,fnatic,fnatic,8,16,overpass
J2G,Expendables,J2G,19,17,dust2
G2,fnatic,fnatic,7,16,inferno
MVP.karnal,Threats,MVP.karnal,16,7,cache
Astralis,dignitas,Astralis,16,12,overpass
dignitas,Astralis,Astralis,11,16,mirage
EnVyUs,fnatic,fnatic,7,16,train
G2,Astralis,G2,16,13,dust2
Vexed,dignitas,dignitas,5,16,cobblestone
Astralis,EnVyUs,Astralis,16,9,mirage
Risky,nxl,Risky,19,15,mirage
dignitas,fnatic,fnatic,17,19,cobblestone
MiTH,dream[S]cape,MiTH,16,8,mirage
MiTH,Risky,MiTH,16,13,mirage
Vexed,G2,G2,9,16,overpass
Property fe,DenDD,DenDD,4,16,mirage
LGB fe,Raepmashaekel,Raepmashaekel,2,16,mirage
dream[S]cape,nxl,dream[S]cape,16,13,cache
gBots,EnVyUs,EnVyUs,4,16,mirage
BX3,Recursive,BX3,19,15,mirage
TzatzikiKlubben,Games4u,TzatzikiKlubben,16,14,mirage
x6tence,G2,G2,3,16,train
KoN Sweden,KoN,KoN Sweden,21,19,inferno
gBots,fnatic,fnatic,13,16,inferno
KoN Norway,KoN,KoN,14,16,dust2
x6tence,Vexed,Vexed,2,16,cobblestone
KoN Finland,KoN,KoN,11,16,dust2
fnatic,EnVyUs,fnatic,16,13,cobblestone
dignitas,Vexed,dignitas,16,7,mirage
x6tence,Astralis,Astralis,2,16,mirage
gBots,dignitas,dignitas,14,16,cobblestone
G2,Astralis,Astralis,17,19,dust2
Temporary orgless,Preparation,Preparation,12,16,inferno
Rize,RCTIC,RCTIC,8,16,mirage
fnatic,EnVyUs,EnVyUs,10,16,train
DollarHouse,Torpedo,Torpedo,2,16,overpass
Optimum,Publiclir.se,Publiclir.se,16,19,mirage
Devcat,MVP,Devcat,19,17,cache
compLexity,Selfless,Selfless,13,16,cache
Selfless,compLexity,compLexity,12,16,train
Renegades,CLG,Renegades,16,6,inferno
CLG,Renegades,Renegades,5,16,dust2
dignitas,NiP,NiP,8,16,mirage
NiP,dignitas,NiP,16,8,train
Virtus.pro,Natus,Natus,12,16,cobblestone
Natus Vincere,Virtus.pro,Natus Vincere,16,9,dust2
Crooz Rascal Jester,Devcat,Devcat,12,16,mirage
Far East Boys,MVP,MVP,13,16,mirage
OpTic,Splyce,OpTic,16,6,cobblestone
Splyce,OpTic,OpTic,4,16,cache
compLexity,Luminosity,Luminosity,9,16,train
Luminosity,compLexity,Luminosity,16,2,inferno
EnVyUs,fnatic,EnVyUs,16,5,cache
fnatic,EnVyUs,fnatic,16,4,inferno
Astralis,FlipSid3,Astralis,16,7,overpass
FlipSid3,Astralis,Astralis,7,16,mirage
Attention,T5,T5,7,16,cobblestone
Virtus.pro,dignitas,dignitas,14,16,overpass
dignitas,Virtus.pro,dignitas,16,5,mirage
fnatic,G2,fnatic,16,7,inferno
G2,fnatic,fnatic,5,16,cobblestone
T5,DeToNator,T5,16,10,inferno
Attention,MineSki,Attention,16,10,mirage
Noble,ex-Astral,ex-Astral,9,16,mirage
Noble,ACE,Noble,16,3,inferno
QuetzaL,ex-Astral,ex-Astral,1,16,inferno
Publiclir.se,DenDD,DenDD,8,16,cache
PENTA,DenDD,DenDD,8,16,train
Publiclir.se,Torpedo,Publiclir.se,16,14,cache
dream[S]cape,Emc,dream[S]cape,16,1,cache
Potato Streamers,CLG,CLG,5,16,cache
compLexity,Tempo,Tempo,13,16,inferno
KoN Denmark,KoN,KoN Denmark,16,14,dust2
KoN Norway,KoN,KoN,10,16,mirage
KoN Finland,KoN,KoN,6,16,cache
Luminosity,Liquid,Luminosity,16,11,cobblestone
Liquid,Luminosity,Luminosity,13,16,overpass
Tectonic,ex-Astral,ex-Astral,8,16,mirage
Noble,WinOut.net,Noble,16,10,inferno
Cloud9,CLG,Cloud9,16,5,overpass
ex-Astral Authority,No,ex-Astral Authority,16,14,dust2
SteamAnalyst,WinOut.net,WinOut.net,8,16,train
Noble,Mostly,Noble,16,7,train
Tectonic,RONIN,Tectonic,16,7,mirage
CLG,Cloud9,Cloud9,12,16,cobblestone
fnatic,Virtus.pro,fnatic,16,9,overpass
BEASTS,PENTA,PENTA,12,16,dust2
Virtus.pro,fnatic,fnatic,12,16,dust2
Empire,Publiclir.se,Publiclir.se,12,16,mirage
fm-eSports,BEASTS,BEASTS,14,16,inferno
nevermind,Publiclir.se,Publiclir.se,3,16,cache
fan jävla,PENTA,PENTA,12,16,dust2
SK,Natus,SK,16,12,train
Empire,QuackPack,Empire,16,9,train
Natus Vincere,SK,SK,7,16,cobblestone
MOTV,Threats,Threats,4,16,overpass
NRG,Selfless,NRG,16,10,mirage
SteamAnalyst,Dreamboat,SteamAnalyst,16,12,mirage
Selfless,NRG,Selfless,16,7,inferno
No ID,Vanquish,No ID,16,9,cobblestone
compLexity,Liquid,Liquid,14,16,dust2
Liquid,compLexity,compLexity,8,16,cache
PENTA,YP,PENTA,19,17,cache
nevermind,KILLERFISH,nevermind,22,18,overpass
Empire,Lions,Empire,16,4,cobblestone
Virtus.pro,FaZe,FaZe,10,16,mirage
fm-eSports,Orgless,fm-eSports,16,3,mirage
FaZe,Virtus.pro,FaZe,16,9,train
Astralis,G2,G2,8,16,cache
G2,Astralis,Astralis,10,16,inferno
KKona,OpTic,OpTic,11,16,cache
OpTic,KKona,OpTic,16,10,train
Renegades,Selfless,Selfless,10,16,mirage
Selfless,Renegades,Renegades,12,16,train
SK,EnVyUs,EnVyUs,6,16,cobblestone
EnVyUs,SK,EnVyUs,22,19,mirage
Astralis,Natus,Natus,14,16,overpass
Natus Vincere,Astralis,Astralis,13,16,mirage
CPH Wolves,Tricked,Tricked,11,16,inferno
Winterfox,Games,Games,10,16,train
DenDD,nerdRage,DenDD,16,5,cobblestone
KoN Denmark,KoN,KoN,14,16,mirage
KoN Norway,KoN,KoN,11,16,inferno
KoN Finland,KoN,KoN,8,16,inferno
ENCE,LDLC,ENCE,16,14,cobblestone
Millenium,Epiphany,Epiphany,12,16,dust2
Millenium,ENCE,ENCE,12,16,dust2
Epiphany Bolt,LDLC,LDLC,14,16,cobblestone
RCTIC,LDLC,LDLC,14,16,train
Orgless,CPH,CPH,8,16,cobblestone
LDLC Blue,CPH,LDLC Blue,16,13,overpass
RCTIC,Orgless,RCTIC,16,8,dust2
Games Academy,Tectonic,Games Academy,16,13,dust2
Sine Metu,Platinium,Platinium,14,16,mirage
Obey.Alliance,Winterfox,Winterfox,9,16,cache
RCTIC,Publiclir.se,RCTIC,25,23,cache
ex-Astral Authority,Tectonic,Tectonic,13,16,mirage
DenDD,Lemondogs,DenDD,16,13,mirage
PixelFire,DenDD,PixelFire,16,2,cobblestone
HellRaisers,Lemondogs,HellRaisers,16,14,dust2
Renegades,Eat,Renegades,16,7,cache
Renegades,TheMongolz,TheMongolz,13,16,cache
Eat You Alive,Renegades,Renegades,2,16,cobblestone
Eastern Vikings,Granted,Granted,10,16,cobblestone
LDLC White,CG,CG,13,16,cache
LDLC White,PENTA,PENTA,13,16,cache
CG,E-frag.net,E-frag.net,10,16,mirage
Risky,Chiefs,Chiefs,9,16,dust2
MVP.karnal,Risky,Risky,8,16,train
Chiefs,CyberZen,CyberZen,4,16,inferno
Chiefs,MVP.karnal,Chiefs,16,14,inferno
Risky,CyberZen,CyberZen,10,16,cobblestone
OnlineRol,Publiclir.se,Publiclir.se,14,16,cache
Imperial Dragons,GameAgents,GameAgents,8,16,inferno
fm-eSports,Lions,fm-eSports,16,14,cache
Method,eSuba,Method,16,5,mirage
Epiphany Bolt,EU4IA,EU4IA,10,16,cache
seven,neXtPlease!,neXtPlease!,7,16,dust2
neXtPlease!,CeX,neXtPlease!,16,9,mirage
HellRaisers,mousesports,mousesports,14,16,cache
Tectonic,Incursion,Tectonic,16,5,overpass
vVv,SKDC,vVv,16,9,dust2
Excelling,OnlineRol,OnlineRol,7,16,overpass
Quest,Fluffy,Quest,16,14,mirage
eXplosive,Binary,Binary,14,16,mirage
Astralis,mousesports,Astralis,22,19,mirage
eXplosive,Gambit,Gambit,4,16,cache
FaZe,Natus,Natus,9,16,train
Binary Dragons,Rebels,Rebels,3,16,cobblestone
dignitas,Astralis,Astralis,9,16,overpass
mousesports,Virtus.pro,mousesports,16,5,dust2
Quest,Arcade,Arcade,13,16,cache
FaZe,Luminosity,FaZe,16,9,inferno
SK,Natus,Natus,3,16,mirage
Fluffy Gangsters,Method,Method,10,16,overpass
CSGO2x,RCTIC,RCTIC,11,16,cache
Playing Ducks,ELTZ,Playing Ducks,16,10,mirage
ELTZ,EYES,ELTZ,16,10,mirage
Tectonic,Gosu,Tectonic,16,3,cache
Winterfox,OpTic,OpTic,11,16,overpass
Leader-1,Enemy,Enemy,4,16,overpass
Splyce,EZG,Splyce,16,14,cache
Leader-1,Splyce,Leader-1,16,14,dust2
EZG,Enemy,Enemy,9,16,cache
KoN Sweden,KoN,KoN Sweden,16,10,dust2
KoN Finland,KoN,KoN,14,16,mirage
KoN Finland,KoN,KoN Finland,16,5,mirage
Refuse,Platinium,Platinium,13,16,mirage
nerdRage,Refuse,nerdRage,16,13,cache
eSuba,Platinium,Platinium,20,22,cache
eSuba,nerdRage,nerdRage,14,16,dust2
Refuse,Platinium,Refuse,16,14,cache
LowLandLions,Lions,Lions,5,16,cache
LowLandLions,fm-eSports,fm-eSports,11,16,cobblestone
Infused,Lions,Lions,12,16,cache
Infused,LowLandLions,LowLandLions,12,16,dust2
Lions,fm-eSports,fm-eSports,9,16,cobblestone
CG,LDLC,CG,16,10,mirage
LDLC Blue,Quest,LDLC Blue,16,2,train
Gathers,NTN,NTN,13,16,dust2
Santos.DeX,Luminosity,Luminosity,5,16,cobblestone
KoN Sweden,KoN,KoN,15,21,dust2
Gathers,Keyd,Keyd,11,16,cache
KoN Finland,KoN,KoN,7,16,inferno
INTZ,g3x,g3x,13,16,dust2
KoN Finland,KoN,KoN Finland,16,5,mirage
NTN,AlienTech,AlienTech,3,16,mirage
CNB,Luminosity,Luminosity,2,16,mirage
Keyd Stars,Games,Keyd Stars,15,15,dust2
Santos.DeX,CNB,Santos.DeX,16,9,cobblestone
NTN,Games,Games,0,16,train
INTZ,Luminosity,Luminosity,8,16,cobblestone
LowLandLions,Auctur,LowLandLions,16,12,cache
LowLandLions,ezkatka,ezkatka,5,16,mirage
Keyd Stars,AlienTech,Keyd Stars,16,8,cache
Orbit fe,Auctur,Auctur,6,16,cache
Santos.DeX,INTZ,Santos.DeX,16,7,cobblestone
Orbit fe,LowLandLions,LowLandLions,1,16,mirage
Auctur,ezkatka,ezkatka,14,16,cache
Gathers,Games,Games,0,16,mirage
CNB,g3x,CNB,15,15,cache
Gathers,AlienTech,AlienTech,6,16,cache
g3x,Luminosity,Luminosity,2,16,cobblestone
nEophyte,eXplosive,eXplosive,9,16,inferno
Keyd Stars,NTN,Keyd Stars,16,9,inferno
nEophyte,Imperial,Imperial,9,16,dust2
CNB,INTZ,CNB,15,15,cache
Aposis,eXplosive,eXplosive,4,16,cache
nEophyte,Aposis,nEophyte,16,12,cache
Games Academy,AlienTech,AlienTech,14,16,cobblestone
eXplosive,Imperial,Imperial,1,16,train
Santos.DeX,g3x,g3x,14,16,mirage
ezkatka,nEophyte,nEophyte,7,16,cache
eXplosive,nEophyte,nEophyte,12,16,cache
Virtual Impact,Threats,Virtual Impact,16,14,mirage
WHY Schwyz,Number,Number,0,16,train
5fd,LeviAthaN,5fd,16,4,cache
mEmentomori,summit,summit,6,16,mirage
LaFaint,WHY,WHY,14,16,mirage
LaFontaine,Number,Number,3,16,cache
TemFirst,5fd,5fd,2,16,dust2
MadLore,LeviAthaN,LeviAthaN,2,16,mirage
mEmentomori,EpideM1c,mEmentomori,16,12,cache
Lazy,summit,summit,5,16,mirage
nxl,MOTV,MOTV,11,16,cache
MiTH,Wings,Wings,9,16,dust2
KULAK,WEPLAY,KULAK,16,3,mirage
AllTheRage,HS.GG,HS.GG,1,16,cobblestone
WEPLAY,HS.GG,HS.GG,9,16,inferno
KULAK,AllTheRage,KULAK,16,13,cache
KULAK,HS.GG,HS.GG,4,16,mirage
WEPLAY,AllTheRage,AllTheRage,6,16,cobblestone
OneShot,Revival,Revival,3,16,mirage
SIBWAY,OnlineBOTS,SIBWAY,16,14,cache
Revival,OnlineBOTS,OnlineBOTS,9,16,inferno
SIBWAY,OneShot,OneShot,7,16,cache
OneShot,OnlineBOTS,OneShot,16,4,dust2
SIBWAY,Revival,Revival,14,16,inferno
hNp.black,Quest,Quest,12,16,mirage
EYES ON U,enable,enable,9,16,inferno
eXplosive,Enso,eXplosive,16,11,dust2
Quest,eXplosive,eXplosive,13,16,mirage
hNp.black,Enso,Enso,9,16,dust2
Quest,Enso,Quest,16,14,inferno
Nostalgie,enable,enable,4,16,cache
hNp.black,eXplosive,eXplosive,5,16,mirage
hard'N'play,GameplayDNA,GameplayDNA,12,16,mirage
PARTY,420pm,420pm,12,16,mirage
420pm,GameplayDNA,420pm,16,6,cache
PARTY,hard'N'play,PARTY,31,28,mirage
OnlineBOTS,Publiclir.se,OnlineBOTS,16,4,mirage
420pm,hard'N'play,420pm,16,10,mirage
PARTY,GameplayDNA,PARTY,16,14,dust2
wH-,Play,Play,13,16,train
Revolte,neXtPlease!,neXtPlease!,26,28,cache
faithIN,PhysX,PhysX,12,16,cobblestone
ANT-,Play,ANT-,19,17,dust2
demise.no,SkitLite,SkitLite,9,16,mirage
Revolte,XPC,Revolte,19,16,cache
myRevenge,faithIN,faithIN,5,16,dust2
BX3,CSGOBESTPOT.com,CSGOBESTPOT.com,10,16,cache
Leaf,Play,Play,20,22,cache
Torpedo,No,No,6,16,mirage
Rimi,Play,Play,11,16,mirage
Reason,ROCCAT,ROCCAT,9,16,mirage
Octupus1,Play,Play,17,19,overpass
demise.no,Torpedo,Torpedo,4,16,mirage
SkitLite,No,No,11,16,mirage
Reason,BX3,Reason,16,12,mirage
ROCCAT,CSGOBESTPOT.com,ROCCAT,16,10,dust2
KoN Denmark,KoN,KoN Denmark,16,7,inferno
KoN Finland,KoN,KoN,9,16,inferno
KoN Finland,KoN,KoN Finland,16,6,cache
AliGon,PiTER,PiTER,6,16,mirage
AliGon,Epiphany,Epiphany,17,19,cache
LowLandLions,PiTER,PiTER,4,16,mirage
AliGon,LowLandLions,AliGon,16,14,dust2
Epiphany Bolt,PiTER,Epiphany Bolt,19,16,cobblestone
Epiphany Bolt,RCTIC,RCTIC,12,16,cache
nEophyte,ex-USSR,ex-USSR,9,16,mirage
MIXCAT,k1ck,MIXCAT,16,6,dust2
nEophyte,OnlineBOTS,OnlineBOTS,12,16,cache
AlienTech,Playing,Playing,13,16,cache
Enso,ex-USSR,ex-USSR,11,16,mirage
Enso,nEophyte,nEophyte,5,16,cache
ex-USSR,OnlineBOTS,OnlineBOTS,5,16,cache
Incursion,ACE,ACE,4,16,cache
Epiphany Bolt,AlienTech,Epiphany Bolt,16,4,cobblestone
melty,eSuba,melty,16,14,cache
OnlineBOTS,MIXCAT,MIXCAT,20,22,cache
Vexed,Epiphany,Vexed,16,4,inferno
eSuba,WRTP,eSuba,16,4,inferno
ACE,SetToDestroyX,ACE,16,14,dust2
nEophyte,Epiphany,Epiphany,13,16,cache
Publiclir.se,k1ck,k1ck,14,16,cobblestone
Playing Ducks,RCTIC,RCTIC,7,16,cache
nxl,Skyred,Skyred,14,16,mirage
nxl,Insidious,nxl,16,14,cobblestone
KoN Denmark,KoN,KoN,8,16,mirage
KoN Norway,KoN,KoN,8,16,mirage
KoN Finland,KoN,KoN,8,16,inferno
MVP project,Skyred,MVP project,16,11,inferno
MVP project,nxl,MVP project,16,11,cobblestone
Insidious,Skyred,Skyred,2,16,mirage
eSuba,YP,YP,6,16,dust2
FlipSid3,eSuba,FlipSid3,16,12,inferno
Reason,YP,YP,5,16,dust2
FlipSid3,Reason,FlipSid3,16,6,mirage
eSuba,YP,eSuba,16,14,mirage
Space Soldiers,nEophyte,Space Soldiers,16,13,mirage
London Conspiracy,Space,London Conspiracy,16,10,dust2
Orbit fe,nEophyte,nEophyte,2,16,inferno
London Conspiracy,Orbit,London Conspiracy,16,1,overpass
Space Soldiers,nEophyte,Space Soldiers,16,6,cobblestone
J2G,TheMongolz,TheMongolz,8,16,mirage
T5,J2G,J2G,13,16,inferno
inchk1ng,TheMongolz,inchk1ng,16,14,dust2
LGB fe,YP,YP,9,16,cache
Unikrn,YP,YP,9,16,cobblestone
T5,inchk1ng,inchk1ng,8,16,cache
J2G,TheMongolz,TheMongolz,3,16,inferno
Artyk,OVP,OVP,10,16,cache
Splyce,Method,Splyce,16,14,mirage
CLG Red,compLexity,compLexity,7,16,mirage
Gamers INC,Artyk,Artyk,8,16,mirage
CLG Red,Method,Method,11,16,cache
Splyce,compLexity,compLexity,12,16,train
Method,compLexity,compLexity,11,16,train
CLG Red,Splyce,Splyce,5,16,dust2
ACE,3sUP,ACE,16,8,cobblestone
Nexus,CLG,CLG,6,16,mirage
ACE,CLG,CLG,11,16,mirage
Nexus,3sUP,Nexus,16,14,dust2
Nexus,ACE,Nexus,16,7,inferno
3sUP,CLG,CLG,1,16,train
NewSkill Infinity,x6tence,x6tence,6,16,cobblestone
KIYF,Atlantis,Atlantis,2,16,inferno
overGame,gBots,gBots,10,16,cache
Gamers INC,Bounty,Gamers INC,16,5,dust2
Evident Victory,Play2Win,Play2Win,2,16,cache
MIRAV3,LeyHorse,MIRAV3,19,17,cache
Atlantis,x6tence,x6tence,13,16,inferno
KoN Denmark,KoN,KoN,12,16,inferno
KoN Norway,KoN,KoN,12,16,dust2
NewSkill Infinity,KIYF,NewSkill Infinity,19,16,train
KoN Norway,KoN,KoN Norway,16,9,mirage
Evident Victory,gBots,gBots,5,16,dust2
overGame,Play2Win,overGame,16,8,cache
BX3,OnlineBOTS,OnlineBOTS,7,16,cache
BX3,Space,Space,14,16,dust2
LDLC Blue,OnlineBOTS,OnlineBOTS,7,16,mirage
BX3,LDLC,BX3,22,19,mirage
OnlineBOTS,Space,Space,17,19,dust2
eSuba,GameplayDNA,eSuba,16,8,inferno
No Problem!,eSuba,No Problem!,16,9,cache
LGB fe,GameplayDNA,GameplayDNA,3,16,mirage
LGB fe,No,No,0,16,train
GameplayDNA,eSuba,eSuba,2,16,mirage
Gosu,Astral,Astral,3,16,cache
Nexus,Astral,Astral,14,16,cache
EZmarket.org,gamENERGY,EZmarket.org,16,9,mirage
YP,gamENERGY,gamENERGY,13,16,cobblestone
T5,etoile,T5,16,2,mirage
sensational.kr,TamuluS,TamuluS,4,16,inferno
autocracy.kr,Player,autocracy.kr,16,3,mirage
Absolute Unit,Airless,Airless,4,16,overpass
T5,Spectacle.A,T5,16,6,mirage
Ancients,E-frag.net,E-frag.net,3,16,inferno
Revolte,CSGO.one,Revolte,16,10,dust2
Revolte,E-frag.net,Revolte,16,6,cache
Ancients,CSGO.one,CSGO.one,3,16,overpass
RoyalFamily,TamuluS,TamuluS,0,16,cache
WHY Schwyz,autocracy.kr,autocracy.kr,0,16,overpass
Epiphany Bolt,LowLandLions,Epiphany Bolt,16,6,mirage
Epiphany Bolt,YP,YP,10,16,cache
fnatic,NiP,fnatic,16,4,dust2
LowLandLions,fm-eSports,LowLandLions,16,5,inferno
Luminosity,fnatic,fnatic,0,16,dust2
LowLandLions,Epiphany,Epiphany,14,16,cobblestone
NiP,EnVyUs,NiP,16,8,mirage
YP,fm-eSports,YP,16,3,cache
TSM,Virtus.pro,TSM,16,13,mirage
Liquid,TSM,TSM,0,16,overpass
Legacy,Virtus.pro,Virtus.pro,12,16,cobblestone
Torpedo,ALSEN,Torpedo,19,17,mirage
Torpedo,Space,Space,3,16,train
ALSEN,PiTER,ALSEN,16,13,mirage
ALSEN,Torpedo,Torpedo,13,16,mirage
PiTER,Space,Space,6,16,cobblestone
ESC,Fraternitas,Fraternitas,14,16,mirage
Fraternitas,hard'N'play,Fraternitas,16,10,inferno
clanHeat,sensational.kr,sensational.kr,7,16,inferno
etoile,Hot,etoile,16,5,mirage
Pantoms,Absolute,Absolute,7,16,cache
GameplayDNA,AlienTech,AlienTech,3,16,inferno
Galatics,FTW.PRO,FTW.PRO,7,16,mirage
FTW.PRO,AlienTech,AlienTech,8,16,inferno
GameplayDNA,Galatics,GameplayDNA,16,2,inferno
FTW.PRO,GameplayDNA,FTW.PRO,16,10,mirage
Galatics,AlienTech,AlienTech,4,16,inferno
FTW.G2A,Equilibrium,Equilibrium,5,16,inferno
RCTIC,k1ck,k1ck,9,16,mirage
KoN Denmark,KoN,KoN,12,16,inferno
LowLandLions,eSuba,LowLandLions,16,6,inferno
RCTIC,FTW.G2A,RCTIC,16,8,dust2
Equilibrium,k1ck,k1ck,7,16,cache
LowLandLions,eXplosive,eXplosive,11,16,dust2
KoN Norway,KoN,KoN,14,16,mirage
FTW.G2A,k1ck,k1ck,8,16,dust2
Equilibrium,RCTIC,RCTIC,1,16,dust2
KoN Norway,KoN,KoN Norway,16,12,mirage
eSuba,Refuse,eSuba,16,5,mirage
OnlineBOTS,Publiclir.se,Publiclir.se,10,16,cache
LE CARTEL,FTW.Evo,LE CARTEL,15,15,mirage
LowLandLions,eSuba,LowLandLions,16,12,mirage
FTW.Evo Prinfor,Publiclir.se,Publiclir.se,0,16,cache
OnlineBOTS,LE,OnlineBOTS,16,1,cache
eXplosive,Refuse,eXplosive,16,3,cache
LE CARTEL,Publiclir.se,Publiclir.se,4,16,mirage
FTW.Evo Prinfor,OnlineBOTS,OnlineBOTS,5,16,cache
Keyd Stars,Epsilon,Keyd Stars,16,12,train
IHAVEADREAM,uPGaming.hellfive,IHAVEADREAM,16,13,cache
ClockTime,Player,Player,4,16,cache
BLITZKRIEG,Airless,Airless,17,19,cache
Keyd Stars,IHAVEADREAM,Keyd Stars,16,9,cobblestone
uPGaming.hellfive,Epsilon,Epsilon,3,16,cache
uPGaming.hellfive,Keyd,Keyd,1,16,mirage
IHAVEADREAM,Epsilon,Epsilon,3,16,cache
Conquest,CLG,Conquest,16,13,inferno
3sUP,Winterfox,3sUP,16,7,dust2
Liquid,Enemy,Liquid,16,5,dust2
Method,Cloud9,Cloud9,10,16,cobblestone
compLexity,Liquid,Liquid,20,22,cache
Winterfox,CLG,CLG,13,16,cobblestone
Cloud9,Luminosity,Luminosity,4,16,inferno
Conquest,3sUP,Conquest,16,11,mirage
BX3,Playing,BX3,16,14,cache
BX3,Space,Space,20,22,mirage
Playing Ducks,myXMG,Playing Ducks,16,14,cache
BX3,Playing,BX3,16,1,dust2
myXMG,Space,Space,7,16,dust2
MiTH,Emc,Emc,9,16,overpass
SKDC,CSGL,CSGL,11,16,train
Winterfox,Torqued,Winterfox,16,13,overpass
Games Academy,Liquid,Liquid,5,16,cache
CLG Red,Luminosity,Luminosity,3,16,inferno
Games Academy,CSGL,Games Academy,16,10,cobblestone
Winterfox,Luminosity,Luminosity,9,16,mirage
CLG Red,Torqued,Torqued,5,16,dust2
EnVyUs,mousesports,EnVyUs,16,12,cache
mousesports,HellRaisers,HellRaisers,13,16,train
fnatic,SK,SK,13,16,overpass
SKDC,Liquid,Liquid,10,16,overpass
PENTA,dignitas,dignitas,10,16,dust2
Torqued,Luminosity,Luminosity,7,16,mirage
Virtus.pro,Natus,Natus,5,16,dust2
EnVyUs,TSM,EnVyUs,16,12,cobblestone
CeX,CSGO-Saloon,CSGO-Saloon,6,16,mirage
Titan,NiP,NiP,3,16,mirage
Natus Vincere,HellRaisers,Natus Vincere,16,8,cobblestone
PENTA,SK,SK,11,16,mirage
EnVyUs,fnatic,fnatic,10,16,inferno
TSM,mousesports,TSM,16,7,cache
Virtus.pro,NiP,NiP,13,16,overpass
Titan,dignitas,Titan,16,13,overpass
CLG Red,Winterfox,Winterfox,13,16,mirage
SKDC,Games,Games,5,16,dust2
CSGL,Liquid,Liquid,13,16,cache
Virtus.pro,dignitas,dignitas,7,16,cobblestone
CSGO-Saloon,malefiQ,CSGO-Saloon,16,9,inferno
Method,compLexity,Method,16,10,inferno
Nexus Storm,Cloud9,Cloud9,2,16,cache
Nexus Storm,compLexity,Nexus Storm,15,15,dust2
Method,Cloud9,Cloud9,2,16,dust2
Nexus Storm,Method,Method,10,16,mirage
compLexity,Cloud9,Cloud9,1,16,cobblestone
Enemy,Renegades,Renegades,14,16,inferno
Nexus,CLG,CLG,7,16,mirage
Nexus,Renegades,Renegades,8,16,inferno
Enemy,CLG,Enemy,16,7,cache
Dead Pixels,GreyFace,Dead Pixels,16,2,overpass
Renegades,CLG,Renegades,16,11,cobblestone
Dead Pixels,Legacy,Dead Pixels,16,7,mirage
Enemy,Nexus,Enemy,16,2,cobblestone
nerdRage,Epsilon,Epsilon,6,16,cache
GreyFace,E-frag.net,E-frag.net,12,16,overpass
ESC,AliGon,ESC,16,6,mirage
Dead Pixels,GreyFace,GreyFace,6,16,cache
nerdRage,AliGon,AliGon,3,16,mirage
Legacy,E-frag.net,E-frag.net,5,16,inferno
ESC,Epsilon,Epsilon,12,16,cache
Virtus.pro,mousesports,Virtus.pro,16,13,dust2
nerdRage,ESC,ESC,10,16,cache
AliGon,Epsilon,AliGon,25,22,train
PENTA,SK,PENTA,16,8,mirage
LDLC Blue,PENTA,PENTA,11,16,dust2
HellRaisers,Virtus.pro,Virtus.pro,7,16,cache
SK,Vexed,Vexed,16,21,overpass
Virtus.pro,HellRaisers,Virtus.pro,16,5,overpass
Titan,NiP,NiP,6,16,train
LDLC Blue,SK,SK,4,16,mirage
Titan,Virtus.pro,Virtus.pro,2,16,train
PENTA,Vexed,Vexed,18,21,mirage
Virtus.pro,NiP,Virtus.pro,16,14,cobblestone
compLexity,Cloud9,Cloud9,5,16,inferno
compLexity,Conquest,compLexity,16,10,cobblestone
Liquid,Cloud9,Liquid,16,14,cache
compLexity,Liquid,Liquid,17,19,dust2
Conquest,Cloud9,Cloud9,4,16,inferno
CLG,Renegades,CLG,16,10,train
fnatic,Virtus.pro,fnatic,16,10,train
CLG,Winterfox,CLG,16,2,mirage
Renegades,Luminosity,Luminosity,0,16,cobblestone
Titan,HellRaisers,HellRaisers,3,16,overpass
Renegades,CLG,Renegades,16,10,dust2
Virtus.pro,Titan,Virtus.pro,16,8,cobblestone
Virtus.pro,G2,G2,10,16,cache
Winterfox,Luminosity,Luminosity,5,16,dust2
KoN Sweden,KoN,KoN Sweden,21,18,mirage
fnatic,NiP,NiP,7,16,train
Virtus.pro,EnVyUs,Virtus.pro,16,4,cache
KoN Sweden,KoN,KoN Sweden,16,12,mirage
NiP,Virtus.pro,NiP,16,14,mirage
KoN Sweden,KoN,KoN Sweden,16,10,cache
G2,Virtus.pro,G2,16,13,train
MOTV,Virtual,Virtual,2,16,cobblestone
Liquid,Luminosity,Luminosity,14,16,dust2
compLexity,Method,compLexity,16,8,dust2
Luminosity,Cloud9,Luminosity,16,13,overpass
compLexity,Conquest,Conquest,22,25,inferno
Luminosity,Liquid,Luminosity,16,11,cobblestone
Luminosity,compLexity,Luminosity,16,12,inferno
SKDC,Method,Method,12,16,cache
Winterfox,Liquid,Liquid,11,16,mirage
Enemy,Luminosity,Luminosity,12,16,train
SKDC,Conquest,Conquest,8,16,cache
Publiclir.se,Epiphany,Publiclir.se,16,8,mirage
fnatic,dignitas,fnatic,16,4,inferno
mousesports,SK,SK,0,16,train
Natus Vincere,PENTA,PENTA,12,16,cobblestone
Virtus.pro,dignitas,dignitas,4,16,cache
RCTIC,Reason,RCTIC,16,14,train
fnatic,Natus,fnatic,16,14,dust2
Titan,HellRaisers,Titan,16,7,inferno
Enemy,3sUP,Enemy,22,18,cache
Liquid,Cloud9,Liquid,16,12,cache
Winterfox,Luminosity,Luminosity,5,16,dust2
Conquest,CLG,CLG,12,16,dust2
compLexity,Liquid,Liquid,9,16,cache
Splyce,Cloud9,Cloud9,8,16,cache
Conquest,Liquid,Liquid,8,16,cache
compLexity,Cloud9,Cloud9,11,16,overpass
Luminosity,Winterfox,Luminosity,16,9,overpass
Reason,ESC,Reason,16,14,cache
fnatic,mousesports,mousesports,9,16,overpass
Virtus.pro,mousesports,mousesports,2,16,inferno
Virtus.pro,Titan,Virtus.pro,16,13,train
mousesports,PENTA,mousesports,16,13,overpass
mousesports,NiP,mousesports,16,8,mirage
Titan,PENTA,Titan,16,9,dust2
Enemy,Liquid,Liquid,13,16,mirage
Luminosity,CLG,Luminosity,16,10,cobblestone
Conquest,Cloud9,Cloud9,6,16,dust2
Luminosity,Splyce,Luminosity,16,12,cobblestone
3sUP,Liquid,Liquid,14,16,cobblestone
Splyce,Luminosity,Luminosity,11,16,train
3sUP,CLG,3sUP,16,13,cobblestone
compLexity,Cloud9,Cloud9,12,16,cache
EnVyUs,SK,EnVyUs,16,11,dust2
SK,NiP,SK,16,12,mirage
neXtPlease!,eSuba,eSuba,14,16,cache
EnVyUs,HellRaisers,EnVyUs,16,9,cobblestone
nerdRage,eSuba,eSuba,12,16,mirage
Epiphany Bolt,RCTIC,Epiphany Bolt,16,4,cobblestone
TheMongolz,nxl,TheMongolz,16,3,dust2
TheMongolz,Insidious,TheMongolz,16,2,cache
nxl,TyLoo,TyLoo,6,16,mirage
nxl,TheMongolz,nxl,16,8,mirage
Insidious,TyLoo,TyLoo,14,16,cache
KoN Denmark,KoN,KoN Denmark,16,12,cache
KoN Denmark,KoN,KoN Denmark,16,9,dust2
KoN Norway,KoN,KoN,5,16,cache
compLexity,CLG,compLexity,16,3,train
SKDC,CLG,CLG,11,16,dust2
Method,SKDC,SKDC,13,16,overpass
CLG,Cloud9,CLG,16,12,cache
Enemy,Cloud9,Enemy,16,12,cache
Refuse,OnlineBOTS,OnlineBOTS,12,16,dust2
No Problem!,Refuse,No Problem!,19,17,cache
Space Soldiers,OnlineBOTS,OnlineBOTS,8,16,overpass
Epsilon,Lions,Epsilon,16,8,cache
EnVyUs,PENTA,EnVyUs,16,13,mirage
Space Soldiers,No,No,5,16,mirage
Refuse,OnlineBOTS,Refuse,19,15,cache
Winterfox,Liquid,Winterfox,16,11,mirage
Luminosity,CLG,Luminosity,16,4,cache
Winterfox,Liquid,Liquid,6,16,overpass
Enemy,CLG,CLG,6,16,dust2
Luminosity,3sUP,Luminosity,16,4,inferno
Winterfox,Cloud9,Cloud9,12,16,overpass
Luminosity,Liquid,Liquid,6,16,cobblestone
Splyce,compLexity,compLexity,16,21,inferno
Conquest,Enemy,Conquest,16,6,mirage
Lions,BX3,Lions,16,7,train
PENTA,NiP,NiP,7,16,cache
Epiphany Bolt,Reason,Reason,6,16,inferno
HellRaisers,NiP,HellRaisers,16,12,overpass
uX,Epiphany,uX,16,9,cobblestone
EnVyUs,HellRaisers,EnVyUs,16,7,inferno
Reason,ESC,Reason,16,9,cache
Reason,uX,uX,13,16,mirage
TwistoFate,J2G,J2G,10,16,cache
Epiphany Bolt,ESC,Epiphany Bolt,16,5,mirage
inchk1ng,MVP.karnal,MVP.karnal,6,16,cobblestone
MVP.karnal,MiTH,MVP.karnal,16,6,dust2
Expendables,MVP.karnal,MVP.karnal,3,16,dust2
Liquid,CLG,CLG,12,16,inferno
compLexity,Winterfox,compLexity,16,2,mirage
3sUP,Cloud9,3sUP,16,12,train
Enemy,Winterfox,Enemy,25,22,cobblestone
SKDC,Conquest,Conquest,3,16,train
compLexity,Cloud9,compLexity,16,11,inferno
Splyce,Liquid,Splyce,16,14,mirage
mousesports,PENTA,mousesports,16,8,dust2
EnVyUs,NiP,NiP,9,16,cobblestone
Arcade,MaxAndRelax,Arcade,16,2,dust2
TSM,SK,TSM,16,11,overpass
dignitas,NiP,NiP,4,16,train
HellRaisers,TSM,TSM,14,16,cache
TSM,HellRaisers,TSM,16,11,inferno
Reason,MaxAndRelax,MaxAndRelax,10,16,cache
nxl,Threats,Threats,3,16,inferno
dream[S]cape,Wings,dream[S]cape,16,7,train
MiTH,m0nster,m0nster,8,16,train
Expendables,m0nster,m0nster,5,16,cache
KoN Sweden,KoN,KoN,8,16,dust2
KoN Sweden,KoN,KoN Sweden,16,11,inferno
KoN Norway,KoN,KoN,10,16,inferno
Natus Vincere,EnVyUs,EnVyUs,9,16,mirage
Titan,Virtus.pro,Virtus.pro,7,16,train
Space Soldiers,Arcade,Arcade,13,16,cobblestone
G2,TSM,TSM,6,16,dust2
Luminosity,fnatic,Luminosity,16,13,inferno
CLG,dignitas,CLG,16,14,cobblestone
NiP,Liquid,NiP,16,11,mirage
mousesports,FlipSid3,mousesports,16,8,overpass
Cloud9,Vexed,Cloud9,16,13,cobblestone
Arcade,stfuNerd,Arcade,16,11,mirage
CLG,Natus,Natus,12,16,cobblestone
dignitas,EnVyUs,EnVyUs,6,16,cobblestone
Titan,NiP,Titan,16,13,cobblestone
Liquid,Virtus.pro,Virtus.pro,15,19,cobblestone
mousesports,G2,G2,8,16,inferno
FlipSid3,TSM,TSM,6,16,cache
Cloud9,Luminosity,Luminosity,11,16,dust2
Vexed,fnatic,fnatic,10,16,cobblestone
uber noobz,ggrabb,ggrabb,17,19,cache
WildSource,Vega,Vega,12,16,mirage
Vega Squadron,PiTER,Vega Squadron,16,14,mirage
EnVyUs,mousesports,EnVyUs,16,14,overpass
fnatic,PENTA,fnatic,16,14,inferno
Aftermatch,BX3,Aftermatch,16,14,cache
Natus Vincere,mousesports,mousesports,17,19,mirage
Natus Vincere,HellRaisers,Natus Vincere,16,8,train
PENTA,HellRaisers,PENTA,16,8,dust2
Titan,HellRaisers,HellRaisers,5,16,cache
CLG,Liquid,Liquid,11,16,train
Gosu,Leader-1,Gosu,16,13,inferno
Coastless,Liquid,Liquid,10,16,dust2
Enemy,Cloud9,Enemy,16,10,overpass
CLG,Cloud9,CLG,16,11,mirage
Coastless,Luminosity,Luminosity,17,19,cache
Quintic,Leader-1,Leader-1,8,16,inferno
Enemy,Luminosity,Luminosity,11,16,dust2
EnVyUs,TSM,TSM,9,16,inferno
Enso,GUS-Gaming,Enso,16,13,mirage
TSM,Virtus.pro,TSM,16,3,overpass
Virtus.pro,SK,Virtus.pro,16,13,cobblestone
Natus Vincere,SK,Natus Vincere,16,13,mirage
BulletsRage.Pro,k1ck,BulletsRage.Pro,16,11,inferno
Titan,NiP,Titan,19,17,dust2
SK,HellRaisers,SK,16,6,mirage
KoN Denmark,KoN,KoN,2,16,cache
KoN Denmark,KoN,KoN Denmark,16,9,cache
KoN Denmark,KoN,KoN Denmark,16,13,cache
Enemy,Winterfox,Winterfox,8,16,inferno
Method,Winterfox,Method,16,13,inferno
Method,Luminosity,Method,16,5,dust2
Splyce,Luminosity,Luminosity,10,16,mirage
Titan,SK,Titan,16,14,cache
TSM,fnatic,fnatic,20,22,mirage
PENTA,SK,SK,6,16,train
NiP,Natus,Natus,11,16,overpass
stfuNerd,PiTER,PiTER,6,16,mirage
Virtus.pro,PENTA,Virtus.pro,16,10,train
Natus Vincere,NiP,Natus Vincere,16,6,inferno
Conquest,Cloud9,Conquest,16,6,overpass
Winterfox,ex-eLevate,ex-eLevate,13,16,mirage
3sUP,Cloud9,Cloud9,6,16,cobblestone
Winterfox,3sUP,Winterfox,19,16,mirage
ex-eLevate,compLexity,compLexity,9,16,cobblestone
Cloud9,Liquid,Liquid,12,16,cobblestone
Winterfox,Luminosity,Winterfox,16,7,overpass
ESC,PiTER,PiTER,10,16,mirage
HellRaisers,fnatic,fnatic,13,16,cobblestone
fnatic,PENTA,fnatic,16,7,cobblestone
NiP,G2,NiP,16,10,cache
Titan,PENTA,Titan,16,3,inferno
Reaction,Publiclir.se,Publiclir.se,1,16,cache
Virtus.pro,TSM,Virtus.pro,16,5,overpass
fnatic,EnVyUs,EnVyUs,6,16,train
mousesports,NiP,NiP,8,16,cobblestone
Titan,G2,G2,11,16,dust2
Winterfox,Coastless,Coastless,7,16,train
Conquest,Enemy,Conquest,16,9,overpass
Liquid,Cloud9,Liquid,16,6,inferno
ex-eLevate,Liquid,Liquid,17,21,cobblestone
Splyce,Cloud9,Cloud9,8,16,cobblestone
fnatic,G2,fnatic,16,12,inferno
uPGaming.hellfive,Keyd,Keyd,8,16,dust2
EnVyUs,Titan,Titan,12,16,dust2
HellRaisers,G2,G2,10,16,cache
FTW.PRO,BulletsRage.Pro,BulletsRage.Pro,10,16,train
No Problem!,stfuNerd,No Problem!,21,17,mirage
Natus Vincere,Titan,Natus Vincere,16,13,train
fnatic,HellRaisers,fnatic,16,8,mirage
EnVyUs,TSM,EnVyUs,16,13,mirage
NiP,EnVyUs,NiP,16,14,dust2
Virtus.pro,HellRaisers,Virtus.pro,16,11,overpass
TSM,PENTA,TSM,16,1,cobblestone
PENTA,dignitas,dignitas,11,16,mirage
TSM,Virtus.pro,TSM,16,11,mirage
fnatic,Titan,Titan,10,16,train
Winterfox,Cloud9,Cloud9,11,16,cache
Splyce,CLG,CLG,14,16,mirage
BulletsRage.Pro,k1ck,k1ck,12,16,inferno
nerdRage,stfuNerd,stfuNerd,12,16,inferno
dignitas,SK,dignitas,16,8,cache
Keyd Stars,FTW.Evo,Keyd Stars,16,9,inferno
fnatic,Virtus.pro,fnatic,19,16,cache
dignitas,HellRaisers,dignitas,16,9,mirage
Natus Vincere,dignitas,Natus Vincere,16,5,overpass
SK,HellRaisers,HellRaisers,4,16,dust2
Method,3sUP,3sUP,13,16,mirage
Winterfox,Conquest,Conquest,14,16,cobblestone
Tectonic,Enemy,Enemy,5,16,train
Method,Conquest,Conquest,3,16,overpass
Tectonic,Roca's,Tectonic,16,8,mirage
Splyce,3sUP,Splyce,16,1,dust2
Suck Brick Kids,Tectonic,Tectonic,6,16,cache
Winterfox,compLexity,Winterfox,16,12,mirage
Suck Brick Kids,SetToDestroyX,Suck Brick Kids,16,13,mirage
Roca's compLexity,WinOut.net,Roca's compLexity,16,7,mirage
Splyce,compLexity,Splyce,16,13,dust2
Reap What You Sow,Roca's,Roca's,13,16,cache
TSM,dignitas,TSM,16,6,mirage
Forbidden,SetToDestroyX,SetToDestroyX,12,16,cobblestone
fnatic,Virtus.pro,fnatic,19,17,train
CLG Red,Suck,Suck,8,16,cobblestone
Dynasty,Reap,Reap,10,16,dust2
TSM,Natus,TSM,19,16,cache
Virtus.pro,PENTA,PENTA,8,16,cache
Roca's compLexity,Eanix,Roca's compLexity,16,5,cache
Virtus.pro,NiP,Virtus.pro,16,12,inferno
EnVyUs,Virtus.pro,EnVyUs,16,5,dust2
The Mooninites,Suck,Suck,20,22,cache
PENTA,HellRaisers,HellRaisers,3,16,overpass
Pugs not Drugs,Reap,Reap,7,16,cache
Renegades,Immunity,Renegades,16,9,cache
Animal Squad,fSociety,Animal Squad,21,18,cache
Exile5,Chiefs,Exile5,16,3,cobblestone
compLexity,Splyce,compLexity,25,21,cache
compLexity,Winterfox,compLexity,16,12,train
Splyce,3sUP,3sUP,10,16,train
Method,Conquest,Conquest,7,16,dust2
Winterfox,Conquest,Conquest,13,16,inferno
Method,3sUP,Method,16,1,train
PENTA,NiP,NiP,4,16,train
EnVyUs,PENTA,PENTA,12,16,overpass
dignitas,NiP,NiP,8,16,dust2
EnVyUs,dignitas,EnVyUs,16,8,cache
TyLoo,inchk1ng,TyLoo,16,11,cache
TSM,PENTA,TSM,16,3,inferno
MVP.karnal,Penguin,MVP.karnal,16,8,dust2
MVP.karnal,TyLoo,TyLoo,2,16,overpass
Penguin,inchk1ng,inchk1ng,4,16,mirage
Animal Squad,Chiefs,Chiefs,11,16,cache
Renegades,Exile5,Renegades,16,8,cache
Immunity,fSociety,Immunity,16,9,cache
KoN Norway,KoN,KoN,3,16,cache
KoN Norway,KoN,KoN Norway,16,14,cache
KoN Norway,KoN,KoN Norway,16,14,inferno
TheMongolz,TwistoFate,TheMongolz,16,4,cache
m0nster,J2G,J2G,10,16,dust2
m0nster,TheMongolz,TheMongolz,3,16,inferno
J2G,TwistoFate,TwistoFate,12,16,cache
fSociety,Exile5,fSociety,16,10,mirage
Luminosity,compLexity,Luminosity,21,19,cache
Renegades,Chiefs,Renegades,16,5,cobblestone
Immunity,Animal,Animal,9,16,mirage
Luminosity,Method,Luminosity,16,3,mirage
CLG,Winterfox,CLG,16,4,overpass
CLG,3sUP,3sUP,13,16,overpass
Liquid,compLexity,Liquid,16,12,train
Winterfox,Cloud9,Cloud9,3,16,overpass
Liquid,Luminosity,Liquid,16,9,overpass
Cloud9,compLexity,Cloud9,16,4,train
uPGaming.hellfive,AlienTech,AlienTech,9,16,inferno
mousesports,dignitas,dignitas,13,16,train
3v,FTW.PRO,FTW.PRO,10,16,dust2
fnatic,dignitas,fnatic,16,9,mirage
TSM,mousesports,TSM,16,13,dust2
TSM,Titan,TSM,16,13,cobblestone
Conquest,3sUP,3sUP,10,16,dust2
Liquid,3sUP,Liquid,16,14,cache
Enemy,compLexity,Enemy,16,14,inferno
Luminosity,Cloud9,Cloud9,7,16,overpass
Method,Winterfox,Winterfox,15,19,cache
compLexity,Liquid,Liquid,2,16,cache
Liquid,Cloud9,Cloud9,17,19,dust2
Winterfox,Luminosity,Luminosity,3,16,train
EnVyUs,NiP,EnVyUs,16,10,mirage
EnVyUs,fnatic,EnVyUs,16,5,cache
NiP,TSM,NiP,16,13,dust2
uPGaming.hellfive,Keyd,uPGaming.hellfive,16,11,cache
EnVyUs,Natus,Natus,13,16,train
Titan,TSM,TSM,5,16,overpass
Natus Vincere,Titan,Titan,13,16,overpass
fnatic,HellRaisers,HellRaisers,14,16,cache
EnVyUs,HellRaisers,HellRaisers,14,16,cobblestone
Natus Vincere,PENTA,PENTA,6,16,cache
compLexity,Luminosity,Luminosity,10,16,cobblestone
Method,CLG,CLG,11,16,cache
Winterfox,compLexity,compLexity,0,16,train
Winterfox,Liquid,Liquid,6,16,overpass
Conquest,Luminosity,Luminosity,11,16,mirage
Cloud9,ex-eLevate,Cloud9,16,6,dust2
ex-eLevate,Winterfox,ex-eLevate,16,5,dust2
Coast,Enemy,Enemy,4,16,train
3v,k1ck,k1ck,5,16,inferno
fnatic,TSM,TSM,3,16,dust2
Titan,EnVyUs,Titan,16,11,mirage
EnVyUs,G2,EnVyUs,16,10,dust2
Titan,mousesports,mousesports,8,16,mirage
FTW.Evo Prinfor,AlienTech,AlienTech,8,16,mirage
TSM,G2,TSM,21,19,dust2
fnatic,Titan,fnatic,16,2,overpass
Titan,mousesports,Titan,16,10,cache
Lions,Vega,Lions,16,12,overpass
EnVyUs,fnatic,EnVyUs,16,3,train
Natus Vincere,dignitas,dignitas,19,22,inferno
Vega Squadron,No,Vega Squadron,16,5,mirage
BulletsRage.Pro,FTW.PRO,BulletsRage.Pro,16,8,inferno
Sweden,Finland,Finland,5,16,dust2
Sweden,Denmark,Sweden,16,5,mirage
Sweden,Norway,Sweden,16,6,inferno
Canada,Norway,Canada,16,10,dust2
Poland,France,Poland,19,16,cobblestone
Belgium,Singapore,Belgium,16,6,dust2
Netherlands,USA,Netherlands,16,8,cache
Belgium,Canada,Canada,9,16,train
Netherlands,Poland,Poland,11,16,cache
Singapore,Norway,Norway,3,16,dust2
USA,France,France,4,16,dust2
Worst Players,Torpedo,Torpedo,12,16,mirage
Reason,Worst,Reason,16,14,mirage
Germany,Sweden,Germany,16,13,cache
Torpedo,European,Torpedo,16,3,cache
TSM,dignitas,TSM,16,3,dust2
Torpedo,Reason,Reason,10,16,cobblestone
European Misfits,Worst,Worst,7,16,mirage
Indonesia,Serbia,Indonesia,16,9,mirage
Indonesia,Germany,Germany,6,16,dust2
Sweden,Serbia,Sweden,16,7,inferno
Splyce,Enemy,Enemy,11,16,cobblestone
Method,Enemy,Method,16,5,cobblestone
Splyce,Liquid,Liquid,2,16,overpass
Method,Liquid,Liquid,4,16,cobblestone
fnatic,SK,fnatic,16,10,cobblestone
BX3,ESC,ESC,9,16,cache
dignitas,HellRaisers,dignitas,16,12,train
Epiphany Bolt,BX3,Epiphany Bolt,16,10,inferno
Choke,ESC,ESC,8,16,mirage
Epiphany Bolt,Choke,Epiphany Bolt,16,2,train
BX3,ESC,BX3,16,8,cache
Splyce,Enemy,Enemy,5,16,train
Method,Enemy,Enemy,7,16,inferno
Method,Liquid,Liquid,11,16,overpass
NiP,HellRaisers,HellRaisers,2,16,cobblestone
mousesports,dignitas,dignitas,15,19,cobblestone
NiP,Titan,NiP,21,16,cobblestone
G2,EnVyUs,EnVyUs,13,16,train
TSM,NiP,TSM,16,10,cobblestone
NiP,fnatic,fnatic,14,16,cobblestone
Worst Players,KILLERFISH,KILLERFISH,8,16,mirage
TSM,Titan,TSM,16,5,overpass
fnatic,Titan,Titan,13,16,train
HellRaisers,TSM,TSM,5,16,overpass
KILLERFISH,SkinsVault,KILLERFISH,16,3,cache
Animal Squad,Exile5,Exile5,8,16,mirage
Immunity,Chiefs,Immunity,16,13,cache
fSociety,Renegades,fSociety,16,14,dust2
Renegades,Animal,Animal,8,16,cache
Immunity,Exile5,Immunity,21,15,overpass
fSociety,Chiefs,fSociety,16,13,mirage
Coast,Cloud9,Cloud9,13,16,mirage
Luminosity,Conquest,Luminosity,16,11,train
Luminosity,Cloud9,Cloud9,6,16,train
EnVyUs,dignitas,EnVyUs,16,8,overpass
BX3,ESC,ESC,12,16,cache
dignitas,SK,dignitas,16,14,inferno
Epiphany Bolt,BX3,Epiphany Bolt,16,6,cache
EnVyUs,SK,EnVyUs,16,10,train
Playing Ducks,ESC,ESC,12,16,cache
HellRaisers,NiP,HellRaisers,16,11,cache
Epiphany Bolt,Playing,Epiphany Bolt,16,14,mirage
BX3,ESC,BX3,16,13,cache
Splyce,Winterfox,Splyce,16,9,cobblestone
Enemy,3sUP,3sUP,7,16,overpass
Splyce,Cloud9,Splyce,19,16,mirage
Winterfox,Cloud9,Cloud9,1,16,dust2
Luminosity,compLexity,compLexity,5,16,overpass
HellRaisers,Titan,HellRaisers,16,9,overpass
Titan,dignitas,dignitas,5,16,cobblestone
TSM,Virtus.pro,TSM,16,11,cache
No Problem!,XPC,No Problem!,16,6,inferno
Virtus.pro,Titan,Titan,14,16,inferno
HellRaisers,EnVyUs,EnVyUs,12,16,cobblestone
Worst Players,No,Worst Players,16,6,overpass
EnVyUs,Virtus.pro,EnVyUs,19,16,mirage
G2,TSM,TSM,5,16,dust2
LGB fe,XPC,XPC,2,16,mirage
EnVyUs,Natus,Natus,11,16,dust2
Virtus.pro,fnatic,Virtus.pro,16,10,dust2
LGB fe,Worst,Worst,1,16,mirage
XPC,No,No,2,16,mirage
Leader-1,CLG,Leader-1,16,14,mirage
Coast,Winterfox,Winterfox,7,16,cache
compLexity,Conquest,compLexity,19,17,cobblestone
Swarm,Enemy,Swarm,16,13,mirage
3sUP,compLexity,compLexity,17,19,mirage
Winterfox,Splyce,Splyce,6,16,train
ACE,CLG,CLG,6,16,cobblestone
G2,Titan,G2,16,2,train
Belgium,Sweden,Belgium,16,5,cobblestone
Titan,SK,Titan,16,9,cobblestone
Virtus.pro,EnVyUs,Virtus.pro,16,14,mirage
Slovakia,Russia,Slovakia,16,5,mirage
Iceland,Belgium,Belgium,11,16,dust2
Virtus.pro,Natus,Natus,8,16,mirage
mySemperFi,GRS.GP,mySemperFi,16,2,dust2
HellRaisers,NiP,NiP,2,16,dust2
Iceland,Bosnia,Iceland,16,4,dust2
United Kingdom,Finland,Finland,13,16,cache
Virtus.pro,SK,Virtus.pro,16,8,overpass
TSM,NiP,TSM,16,12,dust2
Norway,Bosnia,Bosnia,12,16,cache
Virtus.pro,HellRaisers,Virtus.pro,16,9,cobblestone
United Kingdom,Slovakia,United Kingdom,16,13,inferno
G2,NiP,G2,16,13,train
Norway,Iceland,Norway,16,8,cache
Germany,Finland,Finland,10,16,dust2
Germany,United,Germany,16,7,dust2
Games Academy,Splyce,Games Academy,16,11,mirage
GLG,United,United,9,16,mirage
GRS.GP,k1ck,GRS.GP,16,9,dust2
Russia,Germany,Russia,16,14,mirage
Sweden,Iceland,Sweden,16,12,train
fish123,Choke,fish123,16,8,mirage
Sweden,Norway,Sweden,16,14,dust2
Russia,United,Russia,16,4,mirage
Infused,XENEX,Infused,16,6,inferno
Belarus,Belgium,Belgium,11,16,dust2
Bosnia & Herzegovina,Belgium,Belgium,6,16,cobblestone
Turkey,Slovakia,Slovakia,2,16,cobblestone
Bosnia & Herzegovina,Belarus,Bosnia & Herzegovina,15,15,cache
Finland,Slovakia,Slovakia,6,16,mirage
Finland,Turkey,Finland,16,3,mirage
vVv,Method,Method,10,16,mirage
Games Academy,Method,Games Academy,16,13,cache
3sUP,Luminosity,Luminosity,4,16,inferno
ex-eLevate,Luminosity,Luminosity,7,16,cache
Enemy,compLexity,Enemy,16,5,train
Epiphany Bolt,ESC,ESC,10,16,cache
ex-eLevate,3sUP,ex-eLevate,16,5,dust2
Splyce,Games,Splyce,19,15,mirage
Swarm,compLexity,compLexity,3,16,train
XPC,ESC,ESC,11,16,mirage
Games Academy,vVv,Games Academy,16,11,mirage
Coast,3sUP,Coast,16,11,inferno
Conquest,Leader-1,Conquest,16,4,inferno
Luminosity,3sUP,Luminosity,16,6,cache
Splyce,Coast,Coast,3,16,inferno
Conquest,ACE,Conquest,16,10,cobblestone
Publiclir.se,LAN,LAN,14,16,mirage
TSM,NiP,TSM,16,5,train
fnatic,NiP,fnatic,16,14,dust2
fnatic,Natus,fnatic,16,4,cobblestone
TSM,Natus,Natus,10,16,train
Splyce,Method,Method,4,16,cache
Splyce,vVv,Splyce,16,3,dust2
Coast,compLexity,compLexity,7,16,train
United Estonia,fish123,United Estonia,16,12,mirage
Planetkey,LAN,LAN,6,16,cache
GLG,Choke,Choke,10,16,mirage
CeX,XENEX,XENEX,11,16,cache
Vault,Luminosity,Luminosity,3,16,dust2
CPH Wolves,G2,CPH Wolves,16,11,mirage
SK,CPH,CPH,13,16,cobblestone
G2,TSM,TSM,8,16,dust2
SK,G2,G2,13,16,inferno
CPH Wolves,TSM,TSM,5,16,overpass
EZskins.com,dignitas,dignitas,2,16,mirage
m0nster,AbsoluteTerror,m0nster,16,13,cobblestone
Renegades,EZskins.com,EZskins.com,11,16,dust2
MOTV,m0nster,m0nster,13,16,inferno
dignitas,EnVyUs,EnVyUs,6,16,mirage
Renegades,dignitas,dignitas,13,16,cobblestone
TwistoFate,nxl,nxl,10,16,cache
TwistoFate,Penguin,TwistoFate,16,14,mirage
EZskins.com,EnVyUs,EnVyUs,2,16,inferno
Miraculous Hawks,Insidious,Insidious,9,16,dust2
inchk1ng,Miraculous,Miraculous,8,16,dust2
MiTH,MVP.karnal,MVP.karnal,6,16,cobblestone
MiTH,DeToNator,MiTH,16,14,dust2
Coast,CLG,CLG,1,16,overpass
Enemy,CLG,CLG,5,16,mirage
compLexity,3sUP,3sUP,7,16,inferno
Method,Cloud9,Cloud9,7,16,train
Coast,Cloud9,Cloud9,8,16,inferno
Bosnia & Herzegovina,Sweden,Sweden,2,16,dust2
TSM,fnatic,fnatic,9,16,train
Belarus,Sweden,Belarus,16,10,mirage
Finland,Russia,Russia,13,16,mirage
EnVyUs,Titan,EnVyUs,16,8,mirage
Belarus,Norway,Norway,6,16,mirage
fnatic,HellRaisers,fnatic,16,9,dust2
Turkey,Russia,Turkey,16,3,mirage
RCTIC,uber,RCTIC,16,10,mirage
Belgium,Norway,Norway,12,16,cache
Turkey,United,Turkey,16,9,mirage
fnatic,NiP,NiP,13,16,cache
Belarus,Iceland,Iceland,14,16,cache
Turkey,Germany,Germany,10,16,cache
Slovakia,Germany,Germany,9,16,dust2
compLexity,Coast,compLexity,16,14,cobblestone
Vault,3sUP,Vault,16,8,cobblestone
Conquest,CLG,CLG,11,16,cobblestone
Vault,ex-eLevate,ex-eLevate,6,16,inferno
Conquest,Coast,Coast,9,16,cobblestone
compLexity,Method,Method,13,16,mirage
Enemy,Coast,Enemy,16,11,inferno
Splyce,Liquid,Liquid,4,16,inferno
Red Instinct,TS-Netteux,Red Instinct,16,14,dust2
uber g33ks,nerdRage,uber g33ks,16,6,mirage
Denmark,Poland,Denmark,16,10,cache
WE GOT GAME,TS-Netteux,WE GOT GAME,16,3,train
Netherlands,Hungary,Netherlands,16,13,mirage
mousesports,SK,mousesports,16,11,inferno
TSM,Titan,TSM,21,17,dust2
Red Instinct,WE,WE,13,16,cobblestone
France,Netherlands,France,16,10,cobblestone
mousesports,HellRaisers,mousesports,16,11,cobblestone
TSM,fnatic,fnatic,9,16,inferno
Hungary,Serbia,Hungary,16,8,mirage
TS-Netteux,LDLC,TS-Netteux,16,13,mirage
G2,fnatic,fnatic,12,16,inferno
SK,NiP,NiP,9,16,inferno
Romania,Denmark,Denmark,8,16,mirage
Ukraine,Serbia,Serbia,9,16,inferno
Romania,Kazakhstan,Kazakhstan,14,16,cache
EnVyUs,Titan,EnVyUs,16,7,train
TSM,SK,TSM,16,4,dust2
Ukraine,Hungary,Hungary,9,16,cobblestone
Portugal,Kazakhstan,Portugal,16,3,dust2
Netherlands,Ukraine,Netherlands,15,15,dust2
Portugal,Romania,Portugal,16,11,dust2
Method,CLG,CLG,6,16,inferno
Conquest,Liquid,Conquest,16,6,train
compLexity,CLG,compLexity,16,10,overpass
Swarm,Coast,Coast,8,16,cobblestone
compLexity,Enemy,compLexity,16,14,cache
unKnights,melty,melty,13,16,dust2
Asus ROG,unKnights,unKnights,0,16,train
France,Hungary,France,16,12,dust2
Dead Pixels,melty,Dead Pixels,16,10,cache
ESC,European,ESC,21,19,mirage
fnatic,mousesports,fnatic,16,8,inferno
TSM,EnVyUs,EnVyUs,12,16,inferno
Poland,Romania,Poland,16,8,mirage
Asus ROG,Dead,Dead,4,16,mirage
G2,HellRaisers,G2,21,17,cache
Natus Vincere,mousesports,Natus Vincere,16,5,inferno
Spain,Netherlands,Spain,16,9,cache
Natus Vincere,SK,Natus Vincere,16,11,cache
Serbia,Netherlands,Serbia,15,15,inferno
unKnights,melty,melty,12,16,cobblestone
TSM,HellRaisers,TSM,16,9,overpass
Titan,fnatic,fnatic,8,16,cobblestone
EnVyUs,NiP,NiP,8,16,train
Latvia,Denmark,Denmark,0,16,dust2
summa.gg,European,European,7,16,inferno
Serbia,Spain,Spain,8,16,mirage
Kazakhstan,Denmark,Kazakhstan,16,8,cache
Kazakhstan,Latvia,Latvia,8,16,dust2
Leader-1,ACE,ACE,8,16,cache
GLG,fish123,fish123,13,16,dust2
Serbia,France,France,7,16,inferno
United Estonia,Choke,United Estonia,16,8,inferno
Spain,France,France,5,16,inferno
Publiclir.se,Enervate,Enervate,16,19,cache
Kazakhstan,Poland,Kazakhstan,16,10,mirage
CeX,Infused,Infused,6,16,dust2
France,Ukraine,France,16,10,cobblestone
Latvia,Poland,Poland,10,16,cache
London Conspiracy,XPC,XPC,7,16,cache
Denmark,Portugal,Denmark,16,3,cache
PiTER,Gdansk,PiTER,16,4,mirage
Spain,Hungary,Hungary,5,16,dust2
Latvia,Portugal,Portugal,3,16,dust2
RCTIC,E-frag.net,E-frag.net,4,16,dust2
Latvia,Romania,Latvia,15,15,inferno
KOWABUNGA,x6tence,x6tence,7,16,cache
AWTR,Epsilon,AWTR,16,7,mirage
eaZyQuaL,Space,Space,3,16,cobblestone
KappaKappa,Night,Night,13,16,inferno
Vega Squadron,LDLC,LDLC,4,16,dust2
KILLERFISH,OverGaming,OverGaming,0,16,cache
Los Jefes,Worst,Worst,12,16,mirage
volgare,MIXCAT,MIXCAT,11,16,mirage
Insidious,Skyred,Skyred,5,16,mirage
TyLoo,nxl,TyLoo,19,15,inferno
MOTV,Insidious,Insidious,11,16,cache
Brutality,Skyred,Skyred,9,16,dust2
Penguin,TyLoo,TyLoo,1,16,mirage
nxl,MiTH,nxl,16,2,cache
AbsoluteTerror,QeeYou,QeeYou,7,16,mirage
MVP.karnal,TheMongolz,TheMongolz,14,16,dust2
Miraculous Hawks,AbsoluteTerror,AbsoluteTerror,1,16,dust2
QeeYou,m0nster,QeeYou,16,7,inferno
Virtual Impact,MVP.karnal,MVP.karnal,4,16,cache
TheMongolz,DeToNator,TheMongolz,16,9,mirage
Natus Vincere,Titan,Titan,10,16,cobblestone
TSM,fnatic,TSM,19,17,dust2
eBettle,ESC,eBettle,16,9,mirage
NiP,Cloud9,NiP,19,16,dust2
Virtus.pro,EnVyUs,Virtus.pro,16,7,cache
Natus Vincere,TSM,TSM,10,16,overpass
Titan,fnatic,fnatic,6,16,cobblestone
NiP,Virtus.pro,Virtus.pro,7,16,mirage
Cloud9,EnVyUs,EnVyUs,12,16,cobblestone
ESC,KappaKappa,ESC,16,11,mirage
Natus Vincere,Titan,Natus Vincere,19,15,overpass
Virtus.pro,Natus,Natus,18,22,mirage
Worst Players,Los,Los,14,16,mirage
Los Jefes,KILLERFISH,Los Jefes,21,17,cache
mousesports,Natus,Natus,13,16,cobblestone
E-frag.net,Virtus.pro,Virtus.pro,8,16,overpass
E-frag.net,MiA,E-frag.net,16,4,cache
CSGO-Saloon,mousesports,mousesports,6,16,dust2
Choke,CeX,Choke,16,4,inferno
fish123,fm-eSports,fish123,16,10,dust2
United Estonia,Infused,Infused,10,16,overpass
GLG,XENEX,XENEX,3,16,cache
Space Soldiers,Torpedo,Torpedo,19,21,cache
dignitas,MIXCAT,dignitas,16,12,mirage
Space Soldiers,Los,Space Soldiers,16,12,cache
Torpedo,INFINITY,Torpedo,16,10,train
Wizards,dignitas,dignitas,3,16,overpass
MIXCAT,EURONICS,MIXCAT,16,4,cache
Games Academy,Levitate,Games Academy,16,4,dust2
Luminosity,Games,Luminosity,16,10,mirage
EZ on The Soul,Levitate,Levitate,5,16,inferno
London Conspiracy,OverGaming,London Conspiracy,16,6,cache
dope,Los,Los,9,16,cache
EZ on The Soul,Luminosity,Luminosity,1,16,dust2
k1ck,Fredde,k1ck,16,10,mirage
Levitate,Games,Games,4,16,cobblestone
EURONICS,Epsilon,EURONICS,16,13,cache
melty,Wizards,Wizards,9,16,inferno
roflhehe,MIXCAT,MIXCAT,4,16,dust2
gBots,INFINITY,INFINITY,14,16,inferno
Torpedo,Fraternitas,Torpedo,16,14,cache
WinOut.net,Nexus,Nexus,3,16,overpass
WinOut.net,Reap,WinOut.net,16,10,dust2
Nexus,Method,Method,8,16,cache
Nexus,WinOut.net,Nexus,16,13,inferno
Reap What You Sow,Method,Method,11,16,cache
iSg.vA,1hp,iSg.vA,16,6,cache
Bovines,nxl,nxl,11,16,mirage
xqR,b2W,xqR,16,2,inferno
CORE,TyLoo,TyLoo,2,16,overpass
Swarm,Enemy,Enemy,9,16,cache
3sUP,Enemy,3sUP,16,7,dust2
CLG Red,Swarm,Swarm,13,16,cobblestone
CLG Red,3sUP,3sUP,9,16,dust2
Swarm,Enemy,Enemy,5,16,inferno
Excellence,ACE,ACE,2,16,mirage
Excellence,BitterSweetGG,Excellence,16,2,overpass
ACE,CLG,CLG,6,16,dust2
ACE,Excellence,ACE,16,3,cobblestone
BitterSweetGG,CLG,CLG,2,16,mirage
Finland,Denmark,Finland,16,10,dust2
Finland,Sweden,Finland,16,13,mirage
Kinguin,Natus,Kinguin,16,11,inferno
Finland,Norway,Finland,16,12,cache
Kinguin,mousesports,Kinguin,16,7,train
mousesports,Titan,mousesports,16,14,dust2
TSM,Natus,TSM,16,10,dust2
dignitas,Kinguin,Kinguin,13,16,mirage
Aposis,Space,Space,6,16,mirage
mousesports,TSM,TSM,7,16,overpass
dignitas,Natus,Natus,6,16,overpass
Playing Ducks,Space,Space,4,16,mirage
Reason,Aftermatch,Reason,16,14,cobblestone
Epiphany Bolt,ESC,Epiphany Bolt,19,17,mirage
Dobry&Gaming,Epsilon,Dobry&Gaming,26,24,cache
AlienTech,Epiphany,AlienTech,16,14,cobblestone
Team8,ESC,ESC,7,16,mirage
Team8,AlienTech,AlienTech,14,16,cache
Epiphany Bolt,ESC,Epiphany Bolt,16,6,mirage
Epsilon,ESC,Epsilon,16,5,inferno
Philippines,Nepal,Philippines,16,4,overpass
Philippines,Indonesia,Indonesia,2,16,mirage
Nepal,Indonesia,Indonesia,4,16,dust2
GLG,CeX,CeX,19,21,inferno
United Estonia,fm-eSports,United Estonia,16,8,cache
Aftermatch,INFINITY,INFINITY,10,16,cache
Reason,3v,Reason,16,5,cobblestone
fish123,Infused,Infused,11,16,overpass
Aftermatch,Reason,Aftermatch,16,11,inferno
INFINITY,3v,INFINITY,16,10,inferno
Choke,XENEX,XENEX,13,16,overpass
Kyrgyzstan,Palestine,Kyrgyzstan,16,4,cache
Palestine,India,India,8,16,dust2
Kyrgyzstan,India,Kyrgyzstan,16,2,mirage
KappaKappa,Vega,Vega,7,16,cache
PiTER,GREAT,PiTER,16,14,cobblestone
KappaKappa,Los,KappaKappa,16,14,cache
PiTER,AliGon,PiTER,21,16,cache
Vega Squadron,Dobry&Gaming,Vega Squadron,16,6,mirage
GREAT ONE-LINERS,GameplayDNA,GREAT ONE-LINERS,16,3,cobblestone
Japan,Singapore,Singapore,12,16,mirage
Vietnam,Singapore,Vietnam,16,1,inferno
South Korea,Japan,Japan,6,16,mirage
Aftermatch,AlienTech,AlienTech,6,16,inferno
Space Soldiers,Reason,Reason,6,16,dust2
myKPV,Aftermatch,Aftermatch,12,16,dust2
Space Soldiers,SK,Space Soldiers,16,5,mirage
Reason,Aspen,Reason,16,8,dust2
OMNIPOTENCE,AlienTech,AlienTech,5,16,cobblestone
Singapore,South,Singapore,15,15,mirage
South Korea,Vietnam,Vietnam,7,16,mirage
Japan,Vietnam,Vietnam,12,16,cache
Denmark,Sweden,Denmark,16,11,mirage
Finland,Denmark,Denmark,20,21,mirage
Finland,Norway,Finland,16,12,inferno
China,Thailand,China,16,9,mirage
Sri Lanka,Thailand,Thailand,7,16,cache
Sri Lanka,Malaysia,Malaysia,4,16,dust2
KILLERFISH,Reason,Reason,19,22,overpass
Thailand,Malaysia,Thailand,16,12,mirage
Malaysia,China,China,14,16,dust2
Sri Lanka,China,China,1,16,cache
Reason,XPC,Reason,16,8,cobblestone
fish123,CeX,fish123,16,11,cache
Choke,fm-eSports,Choke,16,12,inferno
GLG,Infused,Infused,1,16,cache
TSK,myKPV,TSK,16,14,mirage
United Estonia,XENEX,XENEX,2,16,dust2
myKPV,Games4u,myKPV,16,5,inferno
FlipSid3,Luminosity,Luminosity,18,22,cobblestone
Denmark,Sweden,Sweden,12,16,inferno
mousesports,FlipSid3,FlipSid3,14,16,cobblestone
Denmark,Norway,Denmark,16,8,mirage
Renegades,NiP,NiP,5,16,inferno
Finland,Denmark,Denmark,14,16,mirage
Titan,Renegades,Renegades,9,16,mirage
CLG,Natus,Natus,14,16,cobblestone
eBettle,CLG,CLG,14,16,mirage
Kinguin,Cloud9,Kinguin,16,13,dust2
Immunity,Kinguin,Kinguin,13,16,dust2
Natus Vincere,fnatic,fnatic,2,16,inferno
Cloud9,Virtus.pro,Virtus.pro,8,16,cobblestone
OverGaming,ESC,OverGaming,19,16,cobblestone
Natus Vincere,Titan,Natus Vincere,19,17,overpass
mousesports,Cloud9,Cloud9,10,16,overpass
eBettle,fnatic,fnatic,2,16,mirage
Immunity,Virtus.pro,Virtus.pro,8,16,cobblestone
TSM,NiP,TSM,16,3,cache
Luminosity,EnVyUs,EnVyUs,16,19,cobblestone
TSM,Renegades,TSM,16,11,train
Luminosity,Kinguin,Luminosity,16,6,overpass
CLG,NiP,NiP,13,16,dust2
FlipSid3,EnVyUs,EnVyUs,3,16,inferno
Teamless.gg,ESC,ESC,16,19,cobblestone
Reason,Dobry&Gaming,Dobry&Gaming,10,16,cache
k1ck,Games4u,k1ck,16,4,mirage
GamePub,k1ck,k1ck,3,16,inferno
London Conspiracy,Phenomenon,Phenomenon,6,16,dust2
fish123,XENEX,XENEX,7,16,dust2
Choke,Infused,Choke,16,8,overpass
GLG,fm-eSports,fm-eSports,2,16,cache
United Estonia,CeX,United Estonia,16,12,cache
OverGaming,Publiclir.se,OverGaming,16,13,cache
Aposis,dignitas,dignitas,5,16,mirage
Sweden,Norway,Sweden,16,8,mirage
Sweden,Denmark,Sweden,16,7,inferno
Finland,Sweden,Sweden,8,16,cache
South Africa,Libya,Libya,6,16,cobblestone
Algeria,South,Algeria,16,1,dust2
South Africa,Morocco,Morocco,2,16,dust2
Tunisia,South,Tunisia,16,1,inferno
Egypt,South,Egypt,16,3,cache
Egypt,Tunisia,Tunisia,10,16,cache
Egypt,Algeria,Egypt,16,9,cache
Libya,Tunisia,Tunisia,6,16,inferno
Algeria,Libya,Algeria,15,15,dust2
PiTER,ROCCAT,PiTER,16,13,mirage
CAZ,PiTER,PiTER,12,16,cache
Morocco,Egypt,Egypt,6,16,dust2
Tunisia,Morocco,Tunisia,16,3,cache
Algeria,Tunisia,Tunisia,12,16,inferno
Egypt,Libya,Egypt,16,10,cache
Libya,Morocco,Morocco,6,16,cache
Morocco,Algeria,Morocco,15,15,dust2
TSM,Renegades,TSM,16,4,dust2
Denmark,Norway,Norway,9,16,mirage
Denmark,Finland,Denmark,16,7,cache
Sweden,Denmark,Denmark,19,21,mirage
EnVyUs,mousesports,EnVyUs,19,17,cache
TSM,SK,TSM,16,6,overpass
mousesports,EnVyUs,mousesports,16,11,train
TSM,SK,TSM,19,15,cobblestone
EnVyUs,mousesports,EnVyUs,16,8,dust2
TSM,CLG,TSM,16,7,inferno
Renegades,SK,SK,16,19,cobblestone
TSM,mousesports,TSM,16,8,dust2
SK,Renegades,Renegades,14,16,mirage
CLG,EnVyUs,EnVyUs,13,16,inferno
Renegades,SK,Renegades,16,10,cache
TSM,CLG,TSM,16,12,train
mousesports,EnVyUs,EnVyUs,13,16,inferno
Renegades,TSM,TSM,6,16,mirage
SK,CLG,SK,16,12,overpass
Renegades,mousesports,mousesports,2,16,dust2
TSM,EnVyUs,EnVyUs,11,16,cobblestone
CAZ,uX,uX,18,21,cache
uX,eXanimo,uX,16,7,dust2
eLevate,Mythic,eLevate,16,13,mirage
Tempo Storm,Liquid,Liquid,10,16,cache
Maximum Effort,eLevate,eLevate,3,16,cobblestone
Mythic,CLG,CLG,14,16,dust2
Mythic,Maximum,Mythic,16,13,cache
eLevate,CLG,CLG,11,16,overpass
Noble,Tempo,Tempo,10,16,cache
Liquid,Cloud9,Cloud9,10,16,dust2
Liquid,Tempo,Liquid,16,11,cache
Noble,Cloud9,Cloud9,2,16,cobblestone
UNLEASHED,Epiphany,Epiphany,14,16,mirage
Lions,UNLEASHED,UNLEASHED,11,16,mirage
Epiphany Bolt,Jynttä,Jynttä,4,16,mirage
Lions,Epiphany,Epiphany,8,16,train
UNLEASHED,Jynttä,Jynttä,11,16,dust2
Mostly Harmless,Method,Method,12,16,train
LQQMPP,FlipSid3,FlipSid3,8,16,mirage
Kinguin,PiTER,Kinguin,16,1,cache
volgare,Infused,volgare,16,4,overpass
INFINITY,Orbit,INFINITY,16,6,cache
SkitLite,ROCCAT,ROCCAT,8,16,cache
eBettle,ROCCAT,eBettle,16,13,dust2
SkitLite,KappaKappa,SkitLite,16,11,cache
SkitLite,eBettle,eBettle,8,16,cobblestone
KappaKappa,ROCCAT,ROCCAT,4,16,mirage
Quintic,Venom,Venom,7,16,cache
Mortality,Astral,Mortality,19,17,cache
Noble,Astral,Astral,9,16,cache
Zomblerz,eLevate,eLevate,7,16,dust2
Publiclir.se,Kinguin,Publiclir.se,16,12,inferno
Infused,CSGOCasino.net,Infused,16,11,dust2
LQQMPP,Property,LQQMPP,16,13,train
ROCCAT,E-frag.net,E-frag.net,13,16,inferno
eLevate,Venom,eLevate,16,2,mirage
Nexus,Liquid8,Nexus,19,17,cobblestone
Infused,Orbit,Orbit,8,16,cobblestone
melty,Kinguin,Kinguin,16,19,dust2
Orbit,eXanimo,Orbit,16,9,inferno
LDLC White,E-frag.net,E-frag.net,13,16,inferno
LGB,Titan,Titan,2,16,dust2
LGB,HellRaisers,LGB,16,7,inferno
Titan,eBettle,eBettle,23,25,train
LGB,k1ck,LGB,16,9,overpass
G2,HellRaisers,HellRaisers,9,16,cache
Epiphany Bolt,LGB,LGB,11,16,mirage
ROCCAT,G2,G2,5,16,cache
k1ck,Titan,Titan,8,16,train
eBettle,HellRaisers,eBettle,16,14,overpass